ref_id,source_name,target_cohort_definition_id,tar_id,subgroup_id,outcome_id,age_group_id,gender_id,gender_name,start_year,persons_at_risk_pe,persons_at_risk,person_days_pe,person_days,person_outcomes_pe,person_outcomes,outcomes_pe,outcomes,incidence_proportion_p100p,incidence_rate_p100py,age_group_name,cohort,sex,person_years,ir_per_1000py
1,Eunomia GiBleed,1,1,0,1,NA,NA,NA,NA,1800,1800,648214,540789,355,355,355,355,19.72222222222222,23.976772826370357,NA,Celecoxib,NA,1480.599589322382,239.7677282637036
1,Eunomia GiBleed,1,1,0,1,1,NA,NA,NA,206,206,74670,63593,35,35,35,35,16.990291262135923,20.10244838268363,<35,Celecoxib,NA,174.1081451060917,201.0244838268363
1,Eunomia GiBleed,1,1,0,1,2,NA,NA,NA,862,862,309619,256783,177,177,177,177,20.533642691415313,25.1766082645658,35 - 39,Celecoxib,NA,703.0335386721424,251.766082645658
1,Eunomia GiBleed,1,1,0,1,3,NA,NA,NA,660,660,237637,198467,129,129,129,129,19.545454545454547,23.7405966735024,40 - 44,Celecoxib,NA,543.3730321697467,237.40596673502398
1,Eunomia GiBleed,1,1,0,1,4,NA,NA,NA,72,72,26288,21946,14,14,14,14,19.444444444444443,23.30037364439989,>=45,Celecoxib,NA,60.0848733744011,233.0037364439989
1,Eunomia GiBleed,1,1,0,1,1,8507,MALE,NA,95,95,34468,28926,18,18,18,18,18.94736842105263,22.728686994399503,<35,Celecoxib,Male,79.19507186858316,227.28686994399504
1,Eunomia GiBleed,1,1,0,1,1,8532,FEMALE,NA,111,111,40202,34667,17,17,17,17,15.315315315315315,17.911125854559092,<35,Celecoxib,Female,94.91307323750856,179.1112585455909
1,Eunomia GiBleed,1,1,0,1,2,8507,MALE,NA,442,442,159042,133436,85,85,85,85,19.23076923076923,23.26677208549417,35 - 39,Celecoxib,Male,365.32785763175906,232.6677208549417
1,Eunomia GiBleed,1,1,0,1,2,8532,FEMALE,NA,420,420,150577,123347,92,92,92,92,21.904761904761905,27.242656894776523,35 - 39,Celecoxib,Female,337.7056810403833,272.42656894776525
1,Eunomia GiBleed,1,1,0,1,3,8507,MALE,NA,327,327,117553,96084,71,71,71,71,21.712538226299696,26.98966529286874,40 - 44,Celecoxib,Male,263.0636550308008,269.8966529286874
1,Eunomia GiBleed,1,1,0,1,3,8532,FEMALE,NA,333,333,120084,102383,58,58,58,58,17.41741741741742,20.69142338083471,40 - 44,Celecoxib,Female,280.30937713894593,206.9142338083471
1,Eunomia GiBleed,1,1,0,1,4,8507,MALE,NA,30,30,10916,9146,6,6,6,6,20,23.96129455499672,>=45,Celecoxib,Male,25.0403832991102,239.61294554996718
1,Eunomia GiBleed,1,1,0,1,4,8532,FEMALE,NA,42,42,15372,12800,8,8,8,8,19.047619047619047,22.828125,>=45,Celecoxib,Female,35.044490075290895,228.28125
1,Eunomia GiBleed,1,1,0,1,1,NA,NA,1941,1,1,366,366,0,0,0,0,0,0,<35,Celecoxib,NA,1.002053388090349,0
1,Eunomia GiBleed,1,1,0,1,1,NA,NA,1943,3,3,1098,805,1,1,1,1,33.333333333333336,45.37267080745341,<35,Celecoxib,NA,2.2039698836413417,453.72670807453414
1,Eunomia GiBleed,1,1,0,1,1,NA,NA,1944,2,2,732,405,1,1,1,1,50,90.18518518518519,<35,Celecoxib,NA,1.108829568788501,901.8518518518518
1,Eunomia GiBleed,1,1,0,1,1,NA,NA,1945,2,2,732,732,0,0,0,0,0,0,<35,Celecoxib,NA,2.004106776180698,0
1,Eunomia GiBleed,1,1,0,1,1,NA,NA,1947,1,1,366,77,1,1,1,1,100,474.35064935064935,<35,Celecoxib,NA,0.2108145106091718,4743.506493506493
1,Eunomia GiBleed,1,1,0,1,1,NA,NA,1948,1,1,366,366,0,0,0,0,0,0,<35,Celecoxib,NA,1.002053388090349,0
1,Eunomia GiBleed,1,1,0,1,1,NA,NA,1954,1,1,366,366,0,0,0,0,0,0,<35,Celecoxib,NA,1.002053388090349,0
1,Eunomia GiBleed,1,1,0,1,1,NA,NA,1956,1,1,366,21,1,1,1,1,100,1739.2857142857142,<35,Celecoxib,NA,0.057494866529774126,17392.857142857145
1,Eunomia GiBleed,1,1,0,1,1,NA,NA,1964,1,1,366,366,0,0,0,0,0,0,<35,Celecoxib,NA,1.002053388090349,0
1,Eunomia GiBleed,1,1,0,1,1,NA,NA,1967,2,2,732,732,0,0,0,0,0,0,<35,Celecoxib,NA,2.004106776180698,0
1,Eunomia GiBleed,1,1,0,1,1,NA,NA,1968,2,2,732,416,1,1,1,1,50,87.80048076923076,<35,Celecoxib,NA,1.1389459274469542,878.0048076923076
1,Eunomia GiBleed,1,1,0,1,1,NA,NA,1970,4,4,1464,1104,1,1,1,1,25,33.08423913043478,<35,Celecoxib,NA,3.02258726899384,330.8423913043478
1,Eunomia GiBleed,1,1,0,1,1,NA,NA,1971,2,2,732,732,0,0,0,0,0,0,<35,Celecoxib,NA,2.004106776180698,0
1,Eunomia GiBleed,1,1,0,1,1,NA,NA,1972,1,1,366,366,0,0,0,0,0,0,<35,Celecoxib,NA,1.002053388090349,0
1,Eunomia GiBleed,1,1,0,1,1,NA,NA,1974,3,3,1098,1098,0,0,0,0,0,0,<35,Celecoxib,NA,3.0061601642710474,0
1,Eunomia GiBleed,1,1,0,1,1,NA,NA,1975,1,1,366,366,0,0,0,0,0,0,<35,Celecoxib,NA,1.002053388090349,0
1,Eunomia GiBleed,1,1,0,1,1,NA,NA,1976,4,4,1464,1464,0,0,0,0,0,0,<35,Celecoxib,NA,4.008213552361396,0
1,Eunomia GiBleed,1,1,0,1,1,NA,NA,1977,3,3,1098,1098,0,0,0,0,0,0,<35,Celecoxib,NA,3.0061601642710474,0
1,Eunomia GiBleed,1,1,0,1,1,NA,NA,1978,3,3,1098,739,1,1,1,1,33.333333333333336,49.42489851150203,<35,Celecoxib,NA,2.023271731690623,494.2489851150203
1,Eunomia GiBleed,1,1,0,1,1,NA,NA,1979,3,3,1098,791,1,1,1,1,33.333333333333336,46.175726927939316,<35,Celecoxib,NA,2.1656399726214923,461.75726927939314
1,Eunomia GiBleed,1,1,0,1,1,NA,NA,1980,4,4,1464,1464,0,0,0,0,0,0,<35,Celecoxib,NA,4.008213552361396,0
1,Eunomia GiBleed,1,1,0,1,1,NA,NA,1981,4,4,1464,1108,1,1,1,1,25,32.964801444043324,<35,Celecoxib,NA,3.033538672142368,329.64801444043326
1,Eunomia GiBleed,1,1,0,1,1,NA,NA,1982,1,1,366,366,0,0,0,0,0,0,<35,Celecoxib,NA,1.002053388090349,0
1,Eunomia GiBleed,1,1,0,1,1,NA,NA,1983,4,4,1464,1464,0,0,0,0,0,0,<35,Celecoxib,NA,4.008213552361396,0
1,Eunomia GiBleed,1,1,0,1,1,NA,NA,1984,1,1,366,366,0,0,0,0,0,0,<35,Celecoxib,NA,1.002053388090349,0
1,Eunomia GiBleed,1,1,0,1,1,NA,NA,1985,4,4,1464,1122,1,1,1,1,25,32.55347593582888,<35,Celecoxib,NA,3.0718685831622174,325.5347593582888
1,Eunomia GiBleed,1,1,0,1,1,NA,NA,1986,5,5,1830,1830,0,0,0,0,0,0,<35,Celecoxib,NA,5.0102669404517455,0
1,Eunomia GiBleed,1,1,0,1,1,NA,NA,1987,2,2,732,377,1,1,1,1,50,96.88328912466844,<35,Celecoxib,NA,1.0321697467488022,968.8328912466843
1,Eunomia GiBleed,1,1,0,1,1,NA,NA,1988,4,4,1464,1174,1,1,1,1,25,31.111584327086884,<35,Celecoxib,NA,3.2142368240930868,311.1158432708688
1,Eunomia GiBleed,1,1,0,1,1,NA,NA,1989,7,7,2562,2285,1,1,1,1,14.285714285714286,15.98468271334792,<35,Celecoxib,NA,6.2559890485968515,159.84682713347922
1,Eunomia GiBleed,1,1,0,1,1,NA,NA,1990,5,5,1830,1240,2,2,2,2,40,58.91129032258065,<35,Celecoxib,NA,3.3949349760438055,589.1129032258065
1,Eunomia GiBleed,1,1,0,1,1,NA,NA,1991,3,3,1098,1098,0,0,0,0,0,0,<35,Celecoxib,NA,3.0061601642710474,0
1,Eunomia GiBleed,1,1,0,1,1,NA,NA,1992,9,9,3294,2309,3,3,3,3,33.333333333333336,47.45560848852317,<35,Celecoxib,NA,6.321697467488022,474.5560848852317
1,Eunomia GiBleed,1,1,0,1,1,NA,NA,1993,2,2,732,732,0,0,0,0,0,0,<35,Celecoxib,NA,2.004106776180698,0
1,Eunomia GiBleed,1,1,0,1,1,NA,NA,1994,1,1,366,19,1,1,1,1,100,1922.3684210526314,<35,Celecoxib,NA,0.05201916495550993,19223.684210526313
1,Eunomia GiBleed,1,1,0,1,1,NA,NA,1995,7,7,2562,2244,1,1,1,1,14.285714285714286,16.27673796791444,<35,Celecoxib,NA,6.143737166324435,162.7673796791444
1,Eunomia GiBleed,1,1,0,1,1,NA,NA,1996,4,4,1464,1170,1,1,1,1,25,31.21794871794872,<35,Celecoxib,NA,3.2032854209445585,312.1794871794872
1,Eunomia GiBleed,1,1,0,1,1,NA,NA,1997,2,2,732,377,1,1,1,1,50,96.88328912466844,<35,Celecoxib,NA,1.0321697467488022,968.8328912466843
1,Eunomia GiBleed,1,1,0,1,1,NA,NA,1998,2,2,732,732,0,0,0,0,0,0,<35,Celecoxib,NA,2.004106776180698,0
1,Eunomia GiBleed,1,1,0,1,1,NA,NA,1999,4,4,1464,1118,1,1,1,1,25,32.669946332737034,<35,Celecoxib,NA,3.060917180013689,326.6994633273703
1,Eunomia GiBleed,1,1,0,1,1,NA,NA,2000,7,7,2562,2219,1,1,1,1,14.285714285714286,16.46011716989635,<35,Celecoxib,NA,6.075290896646133,164.6011716989635
1,Eunomia GiBleed,1,1,0,1,1,NA,NA,2001,5,5,1830,1830,0,0,0,0,0,0,<35,Celecoxib,NA,5.0102669404517455,0
1,Eunomia GiBleed,1,1,0,1,1,NA,NA,2002,6,6,2196,2196,0,0,0,0,0,0,<35,Celecoxib,NA,6.012320328542095,0
1,Eunomia GiBleed,1,1,0,1,1,NA,NA,2003,4,4,1464,1464,0,0,0,0,0,0,<35,Celecoxib,NA,4.008213552361396,0
1,Eunomia GiBleed,1,1,0,1,1,NA,NA,2004,8,8,2928,1974,3,3,3,3,37.5,55.50911854103344,<35,Celecoxib,NA,5.404517453798768,555.0911854103343
1,Eunomia GiBleed,1,1,0,1,1,NA,NA,2005,5,5,1830,1830,0,0,0,0,0,0,<35,Celecoxib,NA,5.0102669404517455,0
1,Eunomia GiBleed,1,1,0,1,1,NA,NA,2006,5,5,1830,1525,1,1,1,1,20,23.95081967213115,<35,Celecoxib,NA,4.175222450376454,239.5081967213115
1,Eunomia GiBleed,1,1,0,1,1,NA,NA,2007,2,2,732,732,0,0,0,0,0,0,<35,Celecoxib,NA,2.004106776180698,0
1,Eunomia GiBleed,1,1,0,1,1,NA,NA,2008,6,6,2196,1841,1,1,1,1,16.666666666666668,19.839760999456818,<35,Celecoxib,NA,5.040383299110198,198.39760999456817
1,Eunomia GiBleed,1,1,0,1,1,NA,NA,2009,2,2,732,732,0,0,0,0,0,0,<35,Celecoxib,NA,2.004106776180698,0
1,Eunomia GiBleed,1,1,0,1,1,NA,NA,2010,1,1,366,366,0,0,0,0,0,0,<35,Celecoxib,NA,1.002053388090349,0
1,Eunomia GiBleed,1,1,0,1,1,NA,NA,2011,4,4,1464,1464,0,0,0,0,0,0,<35,Celecoxib,NA,4.008213552361396,0
1,Eunomia GiBleed,1,1,0,1,1,NA,NA,2012,4,4,1464,1124,1,1,1,1,25,32.495551601423486,<35,Celecoxib,NA,3.077344284736482,324.95551601423483
1,Eunomia GiBleed,1,1,0,1,1,NA,NA,2013,3,3,1098,1098,0,0,0,0,0,0,<35,Celecoxib,NA,3.0061601642710474,0
1,Eunomia GiBleed,1,1,0,1,1,NA,NA,2014,6,6,2196,1901,1,1,1,1,16.666666666666668,19.213571804313517,<35,Celecoxib,NA,5.204654346338125,192.13571804313517
1,Eunomia GiBleed,1,1,0,1,1,NA,NA,2015,7,7,2562,2263,1,1,1,1,14.285714285714286,16.140079540433053,<35,Celecoxib,NA,6.195756331279945,161.40079540433055
1,Eunomia GiBleed,1,1,0,1,1,NA,NA,2016,9,9,3173,2861,1,1,1,1,11.11111111111111,12.76651520447396,<35,Celecoxib,NA,7.832991101984942,127.6651520447396
1,Eunomia GiBleed,1,1,0,1,1,NA,NA,2017,3,3,972,972,0,0,0,0,0,0,<35,Celecoxib,NA,2.6611909650924024,0
1,Eunomia GiBleed,1,1,0,1,1,NA,NA,2018,2,2,551,128,2,2,2,2,100,570.703125,<35,Celecoxib,NA,0.35044490075290896,5707.03125
1,Eunomia GiBleed,1,1,0,1,1,NA,NA,2019,1,1,68,68,0,0,0,0,0,0,<35,Celecoxib,NA,0.1861738535249829,0
1,Eunomia GiBleed,1,1,0,1,2,NA,NA,1945,3,3,1098,787,1,1,1,1,33.333333333333336,46.41041931385006,35 - 39,Celecoxib,NA,2.1546885694729636,464.10419313850065
1,Eunomia GiBleed,1,1,0,1,2,NA,NA,1946,2,2,732,435,1,1,1,1,50,83.9655172413793,35 - 39,Celecoxib,NA,1.1909650924024642,839.655172413793
1,Eunomia GiBleed,1,1,0,1,2,NA,NA,1947,3,3,1098,1098,0,0,0,0,0,0,35 - 39,Celecoxib,NA,3.0061601642710474,0
1,Eunomia GiBleed,1,1,0,1,2,NA,NA,1948,3,3,1098,471,2,2,2,2,66.66666666666667,155.0955414012739,35 - 39,Celecoxib,NA,1.2895277207392197,1550.9554140127389
1,Eunomia GiBleed,1,1,0,1,2,NA,NA,1949,2,2,732,436,1,1,1,1,50,83.7729357798165,35 - 39,Celecoxib,NA,1.1937029431895962,837.7293577981651
1,Eunomia GiBleed,1,1,0,1,2,NA,NA,1950,5,5,1830,1541,1,1,1,1,20,23.702141466580144,35 - 39,Celecoxib,NA,4.219028062970568,237.02141466580142
1,Eunomia GiBleed,1,1,0,1,2,NA,NA,1951,1,1,366,366,0,0,0,0,0,0,35 - 39,Celecoxib,NA,1.002053388090349,0
1,Eunomia GiBleed,1,1,0,1,2,NA,NA,1952,2,2,732,732,0,0,0,0,0,0,35 - 39,Celecoxib,NA,2.004106776180698,0
1,Eunomia GiBleed,1,1,0,1,2,NA,NA,1953,2,2,732,732,0,0,0,0,0,0,35 - 39,Celecoxib,NA,2.004106776180698,0
1,Eunomia GiBleed,1,1,0,1,2,NA,NA,1954,1,1,366,366,0,0,0,0,0,0,35 - 39,Celecoxib,NA,1.002053388090349,0
1,Eunomia GiBleed,1,1,0,1,2,NA,NA,1955,1,1,366,366,0,0,0,0,0,0,35 - 39,Celecoxib,NA,1.002053388090349,0
1,Eunomia GiBleed,1,1,0,1,2,NA,NA,1956,4,4,1464,1464,0,0,0,0,0,0,35 - 39,Celecoxib,NA,4.008213552361396,0
1,Eunomia GiBleed,1,1,0,1,2,NA,NA,1957,6,6,2196,1544,2,2,2,2,33.333333333333336,47.31217616580311,35 - 39,Celecoxib,NA,4.227241615331964,473.1217616580311
1,Eunomia GiBleed,1,1,0,1,2,NA,NA,1958,5,5,1830,1507,1,1,1,1,20,24.236894492368943,35 - 39,Celecoxib,NA,4.125941136208077,242.36894492368944
1,Eunomia GiBleed,1,1,0,1,2,NA,NA,1959,3,3,1098,810,1,1,1,1,33.333333333333336,45.092592592592595,35 - 39,Celecoxib,NA,2.217659137577002,450.9259259259259
1,Eunomia GiBleed,1,1,0,1,2,NA,NA,1960,1,1,366,366,0,0,0,0,0,0,35 - 39,Celecoxib,NA,1.002053388090349,0
1,Eunomia GiBleed,1,1,0,1,2,NA,NA,1961,1,1,366,366,0,0,0,0,0,0,35 - 39,Celecoxib,NA,1.002053388090349,0
1,Eunomia GiBleed,1,1,0,1,2,NA,NA,1962,4,4,1464,1464,0,0,0,0,0,0,35 - 39,Celecoxib,NA,4.008213552361396,0
1,Eunomia GiBleed,1,1,0,1,2,NA,NA,1963,3,3,1098,476,2,2,2,2,66.66666666666667,153.46638655462183,35 - 39,Celecoxib,NA,1.3032169746748803,1534.6638655462184
1,Eunomia GiBleed,1,1,0,1,2,NA,NA,1964,3,3,1098,1098,0,0,0,0,0,0,35 - 39,Celecoxib,NA,3.0061601642710474,0
1,Eunomia GiBleed,1,1,0,1,2,NA,NA,1965,1,1,366,27,1,1,1,1,100,1352.7777777777778,35 - 39,Celecoxib,NA,0.07392197125256673,13527.777777777777
1,Eunomia GiBleed,1,1,0,1,2,NA,NA,1966,2,2,732,416,1,1,1,1,50,87.80048076923076,35 - 39,Celecoxib,NA,1.1389459274469542,878.0048076923076
1,Eunomia GiBleed,1,1,0,1,2,NA,NA,1968,2,2,732,98,2,2,2,2,100,745.4081632653061,35 - 39,Celecoxib,NA,0.2683093771389459,7454.081632653061
1,Eunomia GiBleed,1,1,0,1,2,NA,NA,1969,2,2,732,417,1,1,1,1,50,87.58992805755395,35 - 39,Celecoxib,NA,1.1416837782340863,875.8992805755395
1,Eunomia GiBleed,1,1,0,1,2,NA,NA,1970,2,2,732,732,0,0,0,0,0,0,35 - 39,Celecoxib,NA,2.004106776180698,0
1,Eunomia GiBleed,1,1,0,1,2,NA,NA,1971,7,7,2562,2258,1,1,1,1,14.285714285714286,16.175819309123117,35 - 39,Celecoxib,NA,6.182067077344285,161.7581930912312
1,Eunomia GiBleed,1,1,0,1,2,NA,NA,1972,4,4,1464,818,2,2,2,2,50,89.30317848410758,35 - 39,Celecoxib,NA,2.239561943874059,893.0317848410757
1,Eunomia GiBleed,1,1,0,1,2,NA,NA,1973,10,10,3660,3660,0,0,0,0,0,0,35 - 39,Celecoxib,NA,10.020533880903491,0
1,Eunomia GiBleed,1,1,0,1,2,NA,NA,1974,6,6,2196,1254,3,3,3,3,50,87.38038277511963,35 - 39,Celecoxib,NA,3.433264887063655,873.8038277511962
1,Eunomia GiBleed,1,1,0,1,2,NA,NA,1975,4,4,1464,1176,1,1,1,1,25,31.058673469387752,35 - 39,Celecoxib,NA,3.2197125256673513,310.58673469387753
1,Eunomia GiBleed,1,1,0,1,2,NA,NA,1976,4,4,1464,838,2,2,2,2,50,87.17183770883055,35 - 39,Celecoxib,NA,2.294318959616701,871.7183770883055
1,Eunomia GiBleed,1,1,0,1,2,NA,NA,1977,4,4,1464,1125,1,1,1,1,25,32.46666666666667,35 - 39,Celecoxib,NA,3.080082135523614,324.66666666666663
1,Eunomia GiBleed,1,1,0,1,2,NA,NA,1978,8,8,2928,2620,1,1,1,1,12.5,13.940839694656487,35 - 39,Celecoxib,NA,7.173169062286106,139.4083969465649
1,Eunomia GiBleed,1,1,0,1,2,NA,NA,1979,6,6,2196,1620,2,2,2,2,33.333333333333336,45.092592592592595,35 - 39,Celecoxib,NA,4.435318275154004,450.9259259259259
1,Eunomia GiBleed,1,1,0,1,2,NA,NA,1980,11,11,4026,2812,4,4,4,4,36.36363636363637,51.95590327169275,35 - 39,Celecoxib,NA,7.698836413415469,519.5590327169274
1,Eunomia GiBleed,1,1,0,1,2,NA,NA,1981,9,9,3294,3294,0,0,0,0,0,0,35 - 39,Celecoxib,NA,9.018480492813142,0
1,Eunomia GiBleed,1,1,0,1,2,NA,NA,1982,4,4,1464,1114,1,1,1,1,25,32.787253141831236,35 - 39,Celecoxib,NA,3.049965776865161,327.8725314183124
1,Eunomia GiBleed,1,1,0,1,2,NA,NA,1983,9,9,3294,3294,0,0,0,0,0,0,35 - 39,Celecoxib,NA,9.018480492813142,0
1,Eunomia GiBleed,1,1,0,1,2,NA,NA,1984,17,17,6222,4886,4,4,4,4,23.529411764705884,29.901760130986492,35 - 39,Celecoxib,NA,13.377138945927447,299.0176013098649
1,Eunomia GiBleed,1,1,0,1,2,NA,NA,1985,11,11,4026,3380,2,2,2,2,18.181818181818183,21.612426035502956,35 - 39,Celecoxib,NA,9.253935660506503,216.12426035502958
1,Eunomia GiBleed,1,1,0,1,2,NA,NA,1986,13,13,4758,4413,1,1,1,1,7.6923076923076925,8.276682528891909,35 - 39,Celecoxib,NA,12.082135523613964,82.7668252889191
1,Eunomia GiBleed,1,1,0,1,2,NA,NA,1987,17,17,6222,4583,5,5,5,5,29.41176470588235,39.84835260746236,35 - 39,Celecoxib,NA,12.54757015742642,398.48352607462357
1,Eunomia GiBleed,1,1,0,1,2,NA,NA,1988,15,15,5490,4521,3,3,3,3,20,24.236894492368943,35 - 39,Celecoxib,NA,12.37782340862423,242.36894492368944
1,Eunomia GiBleed,1,1,0,1,2,NA,NA,1989,16,16,5856,5562,1,1,1,1,6.25,6.56688241639698,35 - 39,Celecoxib,NA,15.227926078028748,65.66882416396979
1,Eunomia GiBleed,1,1,0,1,2,NA,NA,1990,16,16,5856,4355,5,5,5,5,31.25,41.9345579793341,35 - 39,Celecoxib,NA,11.9233401779603,419.345579793341
1,Eunomia GiBleed,1,1,0,1,2,NA,NA,1991,16,16,5856,4555,4,4,4,4,25,32.07464324917673,35 - 39,Celecoxib,NA,12.470910335386721,320.7464324917673
1,Eunomia GiBleed,1,1,0,1,2,NA,NA,1992,20,20,7320,6980,1,1,1,1,5,5.232808022922636,35 - 39,Celecoxib,NA,19.110198494182068,52.32808022922636
1,Eunomia GiBleed,1,1,0,1,2,NA,NA,1993,20,20,7320,6703,2,2,2,2,10,10.898105325973445,35 - 39,Celecoxib,NA,18.351813826146476,108.98105325973444
1,Eunomia GiBleed,1,1,0,1,2,NA,NA,1994,11,11,4026,3438,2,2,2,2,18.181818181818183,21.247818499127398,35 - 39,Celecoxib,NA,9.412731006160165,212.478184991274
1,Eunomia GiBleed,1,1,0,1,2,NA,NA,1995,25,25,9150,6377,9,9,9,9,36,51.54853379331975,35 - 39,Celecoxib,NA,17.45927446954141,515.4853379331975
1,Eunomia GiBleed,1,1,0,1,2,NA,NA,1996,22,22,7973,7159,3,3,3,3,13.636363636363637,15.305908646459002,35 - 39,Celecoxib,NA,19.600273785078713,153.05908646459002
1,Eunomia GiBleed,1,1,0,1,2,NA,NA,1997,23,23,8418,7163,4,4,4,4,17.391304347826086,20.39648192098283,35 - 39,Celecoxib,NA,19.61122518822724,203.96481920982828
1,Eunomia GiBleed,1,1,0,1,2,NA,NA,1998,18,18,6588,5079,5,5,5,5,27.77777777777778,35.9568812758417,35 - 39,Celecoxib,NA,13.905544147843942,359.56881275841704
1,Eunomia GiBleed,1,1,0,1,2,NA,NA,1999,24,24,8784,7168,5,5,5,5,20.833333333333332,25.477818080357146,35 - 39,Celecoxib,NA,19.6249144421629,254.77818080357144
1,Eunomia GiBleed,1,1,0,1,2,NA,NA,2000,23,23,8418,6203,7,7,7,7,30.434782608695652,41.21795905207158,35 - 39,Celecoxib,NA,16.982888432580424,412.1795905207158
1,Eunomia GiBleed,1,1,0,1,2,NA,NA,2001,27,27,9882,7943,6,6,6,6,22.22222222222222,27.59033110915271,35 - 39,Celecoxib,NA,21.746748802190282,275.9033110915271
1,Eunomia GiBleed,1,1,0,1,2,NA,NA,2002,25,25,9150,7173,6,6,6,6,24,30.55207026348808,35 - 39,Celecoxib,NA,19.638603696098563,305.52070263488076
1,Eunomia GiBleed,1,1,0,1,2,NA,NA,2003,13,13,4758,4432,1,1,1,1,7.6923076923076925,8.241200361010831,35 - 39,Celecoxib,NA,12.134154688569472,82.41200361010831
1,Eunomia GiBleed,1,1,0,1,2,NA,NA,2004,36,36,13176,12186,3,3,3,3,8.333333333333334,8.991875923190547,35 - 39,Celecoxib,NA,33.36344969199179,89.91875923190545
1,Eunomia GiBleed,1,1,0,1,2,NA,NA,2005,19,19,6954,5059,6,6,6,6,31.57894736842105,43.31883771496343,35 - 39,Celecoxib,NA,13.850787132101301,433.1883771496343
1,Eunomia GiBleed,1,1,0,1,2,NA,NA,2006,26,26,9516,8545,3,3,3,3,11.538461538461538,12.823288472791106,35 - 39,Celecoxib,NA,23.394934976043807,128.23288472791106
1,Eunomia GiBleed,1,1,0,1,2,NA,NA,2007,30,30,10980,8762,7,7,7,7,23.333333333333332,29.17998173932892,35 - 39,Celecoxib,NA,23.98904859685147,291.7998173932892
1,Eunomia GiBleed,1,1,0,1,2,NA,NA,2008,21,21,7686,6047,5,5,5,5,23.80952380952381,30.20092607904746,35 - 39,Celecoxib,NA,16.555783709787818,302.00926079047457
1,Eunomia GiBleed,1,1,0,1,2,NA,NA,2009,30,30,10980,10012,3,3,3,3,10,10.944366759888135,35 - 39,Celecoxib,NA,27.411362080766597,109.44366759888135
1,Eunomia GiBleed,1,1,0,1,2,NA,NA,2010,26,26,9516,7005,8,8,8,8,30.76923076923077,41.71306209850107,35 - 39,Celecoxib,NA,19.17864476386037,417.1306209850107
1,Eunomia GiBleed,1,1,0,1,2,NA,NA,2011,20,20,7320,6704,2,2,2,2,10,10.896479713603819,35 - 39,Celecoxib,NA,18.354551676933607,108.96479713603819
1,Eunomia GiBleed,1,1,0,1,2,NA,NA,2012,21,21,7686,6373,4,4,4,4,19.047619047619047,22.92483916522831,35 - 39,Celecoxib,NA,17.44832306639288,229.2483916522831
1,Eunomia GiBleed,1,1,0,1,2,NA,NA,2013,17,17,6222,4951,4,4,4,4,23.529411764705884,29.509190062613612,35 - 39,Celecoxib,NA,13.555099247091034,295.0919006261361
1,Eunomia GiBleed,1,1,0,1,2,NA,NA,2014,23,23,8363,7413,3,3,3,3,13.043478260869565,14.781464993929584,35 - 39,Celecoxib,NA,20.295687885010267,147.81464993929583
1,Eunomia GiBleed,1,1,0,1,2,NA,NA,2015,19,19,6954,5762,4,4,4,4,21.05263157894737,25.355779243318292,35 - 39,Celecoxib,NA,15.775496235455167,253.55779243318293
1,Eunomia GiBleed,1,1,0,1,2,NA,NA,2016,22,22,7451,6763,4,4,4,4,18.181818181818183,21.602838976785453,35 - 39,Celecoxib,NA,18.5160848733744,216.02838976785452
1,Eunomia GiBleed,1,1,0,1,2,NA,NA,2017,20,20,4854,4148,5,5,5,5,25,44.02724204435873,35 - 39,Celecoxib,NA,11.356605065023956,440.2724204435873
1,Eunomia GiBleed,1,1,0,1,2,NA,NA,2018,5,5,850,849,1,1,1,1,20,43.02120141342756,35 - 39,Celecoxib,NA,2.324435318275154,430.2120141342756
1,Eunomia GiBleed,1,1,0,1,2,NA,NA,2019,5,5,138,133,4,4,4,4,80,1098.4962406015038,35 - 39,Celecoxib,NA,0.36413415468856947,10984.962406015038
1,Eunomia GiBleed,1,1,0,1,3,NA,NA,1949,1,1,366,366,0,0,0,0,0,0,40 - 44,Celecoxib,NA,1.002053388090349,0
1,Eunomia GiBleed,1,1,0,1,3,NA,NA,1950,2,2,732,732,0,0,0,0,0,0,40 - 44,Celecoxib,NA,2.004106776180698,0
1,Eunomia GiBleed,1,1,0,1,3,NA,NA,1952,3,3,1098,1098,0,0,0,0,0,0,40 - 44,Celecoxib,NA,3.0061601642710474,0
1,Eunomia GiBleed,1,1,0,1,3,NA,NA,1953,5,5,1830,1517,1,1,1,1,20,24.0771259063942,40 - 44,Celecoxib,NA,4.153319644079398,240.77125906394198
1,Eunomia GiBleed,1,1,0,1,3,NA,NA,1954,2,2,732,732,0,0,0,0,0,0,40 - 44,Celecoxib,NA,2.004106776180698,0
1,Eunomia GiBleed,1,1,0,1,3,NA,NA,1955,2,2,732,418,1,1,1,1,50,87.38038277511961,40 - 44,Celecoxib,NA,1.1444216290212184,873.8038277511962
1,Eunomia GiBleed,1,1,0,1,3,NA,NA,1956,1,1,366,366,0,0,0,0,0,0,40 - 44,Celecoxib,NA,1.002053388090349,0
1,Eunomia GiBleed,1,1,0,1,3,NA,NA,1957,2,2,732,98,2,2,2,2,100,745.4081632653061,40 - 44,Celecoxib,NA,0.2683093771389459,7454.081632653061
1,Eunomia GiBleed,1,1,0,1,3,NA,NA,1958,2,2,732,450,1,1,1,1,50,81.16666666666666,40 - 44,Celecoxib,NA,1.2320328542094456,811.6666666666666
1,Eunomia GiBleed,1,1,0,1,3,NA,NA,1959,2,2,732,732,0,0,0,0,0,0,40 - 44,Celecoxib,NA,2.004106776180698,0
1,Eunomia GiBleed,1,1,0,1,3,NA,NA,1961,1,1,366,366,0,0,0,0,0,0,40 - 44,Celecoxib,NA,1.002053388090349,0
1,Eunomia GiBleed,1,1,0,1,3,NA,NA,1962,2,2,732,448,1,1,1,1,50,81.52901785714286,40 - 44,Celecoxib,NA,1.2265571526351813,815.2901785714287
1,Eunomia GiBleed,1,1,0,1,3,NA,NA,1963,6,6,2196,1913,1,1,1,1,16.666666666666668,19.09304756926294,40 - 44,Celecoxib,NA,5.23750855578371,190.9304756926294
1,Eunomia GiBleed,1,1,0,1,3,NA,NA,1964,1,1,366,366,0,0,0,0,0,0,40 - 44,Celecoxib,NA,1.002053388090349,0
1,Eunomia GiBleed,1,1,0,1,3,NA,NA,1966,2,2,732,732,0,0,0,0,0,0,40 - 44,Celecoxib,NA,2.004106776180698,0
1,Eunomia GiBleed,1,1,0,1,3,NA,NA,1968,1,1,366,366,0,0,0,0,0,0,40 - 44,Celecoxib,NA,1.002053388090349,0
1,Eunomia GiBleed,1,1,0,1,3,NA,NA,1970,2,2,732,732,0,0,0,0,0,0,40 - 44,Celecoxib,NA,2.004106776180698,0
1,Eunomia GiBleed,1,1,0,1,3,NA,NA,1971,2,2,732,732,0,0,0,0,0,0,40 - 44,Celecoxib,NA,2.004106776180698,0
1,Eunomia GiBleed,1,1,0,1,3,NA,NA,1972,3,3,1098,743,1,1,1,1,33.333333333333336,49.158815612382234,40 - 44,Celecoxib,NA,2.0342231348391513,491.58815612382233
1,Eunomia GiBleed,1,1,0,1,3,NA,NA,1973,4,4,1464,1464,0,0,0,0,0,0,40 - 44,Celecoxib,NA,4.008213552361396,0
1,Eunomia GiBleed,1,1,0,1,3,NA,NA,1974,2,2,732,394,1,1,1,1,50,92.70304568527919,40 - 44,Celecoxib,NA,1.0787132101300478,927.030456852792
1,Eunomia GiBleed,1,1,0,1,3,NA,NA,1975,4,4,1464,1140,1,1,1,1,25,32.03947368421053,40 - 44,Celecoxib,NA,3.1211498973305956,320.39473684210526
1,Eunomia GiBleed,1,1,0,1,3,NA,NA,1976,6,6,2196,2196,0,0,0,0,0,0,40 - 44,Celecoxib,NA,6.012320328542095,0
1,Eunomia GiBleed,1,1,0,1,3,NA,NA,1977,3,3,1098,1098,0,0,0,0,0,0,40 - 44,Celecoxib,NA,3.0061601642710474,0
1,Eunomia GiBleed,1,1,0,1,3,NA,NA,1978,9,9,3294,2991,1,1,1,1,11.11111111111111,12.211634904714142,40 - 44,Celecoxib,NA,8.188911704312115,122.11634904714141
1,Eunomia GiBleed,1,1,0,1,3,NA,NA,1979,8,8,2928,2928,0,0,0,0,0,0,40 - 44,Celecoxib,NA,8.016427104722792,0
1,Eunomia GiBleed,1,1,0,1,3,NA,NA,1980,4,4,1464,1174,1,1,1,1,25,31.111584327086884,40 - 44,Celecoxib,NA,3.2142368240930868,311.1158432708688
1,Eunomia GiBleed,1,1,0,1,3,NA,NA,1981,9,9,3294,2975,1,1,1,1,11.11111111111111,12.277310924369749,40 - 44,Celecoxib,NA,8.145106091718,122.77310924369749
1,Eunomia GiBleed,1,1,0,1,3,NA,NA,1982,10,10,3660,2750,3,3,3,3,30,39.845454545454544,40 - 44,Celecoxib,NA,7.529089664613279,398.45454545454544
1,Eunomia GiBleed,1,1,0,1,3,NA,NA,1983,5,5,1830,1830,0,0,0,0,0,0,40 - 44,Celecoxib,NA,5.0102669404517455,0
1,Eunomia GiBleed,1,1,0,1,3,NA,NA,1984,10,10,3660,3383,1,1,1,1,10,10.796630209872895,40 - 44,Celecoxib,NA,9.262149212867898,107.96630209872895
1,Eunomia GiBleed,1,1,0,1,3,NA,NA,1985,11,11,4026,2872,4,4,4,4,36.36363636363637,50.87047353760446,40 - 44,Celecoxib,NA,7.863107460643395,508.7047353760446
1,Eunomia GiBleed,1,1,0,1,3,NA,NA,1986,9,9,3294,2626,2,2,2,2,22.22222222222222,27.817974105102817,40 - 44,Celecoxib,NA,7.189596167008898,278.1797410510282
1,Eunomia GiBleed,1,1,0,1,3,NA,NA,1987,12,12,4392,3417,3,3,3,3,25,32.067603160667254,40 - 44,Celecoxib,NA,9.35523613963039,320.6760316066725
1,Eunomia GiBleed,1,1,0,1,3,NA,NA,1988,5,5,1830,1529,1,1,1,1,20,23.888162197514713,40 - 44,Celecoxib,NA,4.186173853524983,238.88162197514714
1,Eunomia GiBleed,1,1,0,1,3,NA,NA,1989,9,9,3294,2945,1,1,1,1,11.11111111111111,12.402376910016978,40 - 44,Celecoxib,NA,8.062970568104038,124.02376910016977
1,Eunomia GiBleed,1,1,0,1,3,NA,NA,1990,13,13,4758,4408,1,1,1,1,7.6923076923076925,8.286070780399275,40 - 44,Celecoxib,NA,12.068446269678303,82.86070780399274
1,Eunomia GiBleed,1,1,0,1,3,NA,NA,1991,12,12,4392,4108,1,1,1,1,8.333333333333334,8.891187925998054,40 - 44,Celecoxib,NA,11.247091033538672,88.91187925998054
1,Eunomia GiBleed,1,1,0,1,3,NA,NA,1992,14,14,5124,3529,5,5,5,5,35.714285714285715,51.74978747520544,40 - 44,Celecoxib,NA,9.661875427789186,517.4978747520544
1,Eunomia GiBleed,1,1,0,1,3,NA,NA,1993,15,15,5490,5181,1,1,1,1,6.666666666666667,7.04979733642154,40 - 44,Celecoxib,NA,14.184804928131417,70.4979733642154
1,Eunomia GiBleed,1,1,0,1,3,NA,NA,1994,13,13,4758,3833,3,3,3,3,23.076923076923077,28.587268458126793,40 - 44,Celecoxib,NA,10.494182067077345,285.87268458126795
1,Eunomia GiBleed,1,1,0,1,3,NA,NA,1995,24,24,8784,7613,4,4,4,4,16.666666666666668,19.190857743333773,40 - 44,Celecoxib,NA,20.843258042436688,191.9085774333377
1,Eunomia GiBleed,1,1,0,1,3,NA,NA,1996,11,11,4026,3748,1,1,1,1,9.090909090909092,9.745197438633937,40 - 44,Celecoxib,NA,10.261464750171116,97.45197438633937
1,Eunomia GiBleed,1,1,0,1,3,NA,NA,1997,25,25,9150,6911,7,7,7,7,28,36.9953697004775,40 - 44,Celecoxib,NA,18.921286789869953,369.953697004775
1,Eunomia GiBleed,1,1,0,1,3,NA,NA,1998,14,14,5124,4166,3,3,3,3,21.428571428571427,26.302208353336535,40 - 44,Celecoxib,NA,11.405886379192333,263.02208353336533
1,Eunomia GiBleed,1,1,0,1,3,NA,NA,1999,10,10,3660,2646,3,3,3,3,30,41.41156462585034,40 - 44,Celecoxib,NA,7.24435318275154,414.1156462585034
1,Eunomia GiBleed,1,1,0,1,3,NA,NA,2000,20,20,7320,6417,3,3,3,3,15,17.075736325385694,40 - 44,Celecoxib,NA,17.568788501026695,170.75736325385694
1,Eunomia GiBleed,1,1,0,1,3,NA,NA,2001,21,21,7686,6297,4,4,4,4,19.047619047619047,23.20152453549309,40 - 44,Celecoxib,NA,17.240246406570844,232.0152453549309
1,Eunomia GiBleed,1,1,0,1,3,NA,NA,2002,25,25,9150,7534,5,5,5,5,20,24.240111494558004,40 - 44,Celecoxib,NA,20.62696783025325,242.40111494558005
1,Eunomia GiBleed,1,1,0,1,3,NA,NA,2003,21,21,7686,6815,3,3,3,3,14.285714285714286,16.078503301540717,40 - 44,Celecoxib,NA,18.65845311430527,160.78503301540718
1,Eunomia GiBleed,1,1,0,1,3,NA,NA,2004,17,17,6222,5529,2,2,2,2,11.764705882352942,13.21215409658166,40 - 44,Celecoxib,NA,15.137577002053389,132.1215409658166
1,Eunomia GiBleed,1,1,0,1,3,NA,NA,2005,21,21,7686,6804,3,3,3,3,14.285714285714286,16.104497354497354,40 - 44,Celecoxib,NA,18.628336755646817,161.04497354497354
1,Eunomia GiBleed,1,1,0,1,3,NA,NA,2006,14,14,5124,4239,3,3,3,3,21.428571428571427,25.849256900212314,40 - 44,Celecoxib,NA,11.605749486652977,258.49256900212316
1,Eunomia GiBleed,1,1,0,1,3,NA,NA,2007,15,15,5490,4544,3,3,3,3,20,24.114216549295772,40 - 44,Celecoxib,NA,12.44079397672827,241.14216549295773
1,Eunomia GiBleed,1,1,0,1,3,NA,NA,2008,16,16,5856,4917,3,3,3,3,18.75,22.284929835265405,40 - 44,Celecoxib,NA,13.462012320328542,222.84929835265405
1,Eunomia GiBleed,1,1,0,1,3,NA,NA,2009,14,14,5124,4455,2,2,2,2,14.285714285714286,16.397306397306398,40 - 44,Celecoxib,NA,12.19712525667351,163.97306397306397
1,Eunomia GiBleed,1,1,0,1,3,NA,NA,2010,17,17,6222,4854,4,4,4,4,23.529411764705884,30.098887515451175,40 - 44,Celecoxib,NA,13.289527720739219,300.98887515451173
1,Eunomia GiBleed,1,1,0,1,3,NA,NA,2011,17,17,6222,5889,1,1,1,1,5.882352941176471,6.202241467142129,40 - 44,Celecoxib,NA,16.123203285420946,62.02241467142129
1,Eunomia GiBleed,1,1,0,1,3,NA,NA,2012,25,25,9150,7183,6,6,6,6,24,30.509536405401644,40 - 44,Celecoxib,NA,19.665982203969882,305.09536405401644
1,Eunomia GiBleed,1,1,0,1,3,NA,NA,2013,16,16,5856,4222,5,5,5,5,31.25,43.255566082425396,40 - 44,Celecoxib,NA,11.55920602327173,432.55566082425395
1,Eunomia GiBleed,1,1,0,1,3,NA,NA,2014,26,26,9516,8264,4,4,4,4,15.384615384615385,17.679090029041625,40 - 44,Celecoxib,NA,22.625598904859686,176.79090029041626
1,Eunomia GiBleed,1,1,0,1,3,NA,NA,2015,15,15,5490,3645,6,6,6,6,40,60.123456790123456,40 - 44,Celecoxib,NA,9.979466119096509,601.2345679012345
1,Eunomia GiBleed,1,1,0,1,3,NA,NA,2016,14,14,5076,4117,3,3,3,3,21.428571428571427,26.615253825601165,40 - 44,Celecoxib,NA,11.271731690622861,266.15253825601167
1,Eunomia GiBleed,1,1,0,1,3,NA,NA,2017,19,19,6370,4450,7,7,7,7,36.8421052631579,57.455056179775276,40 - 44,Celecoxib,NA,12.183436002737851,574.5505617977528
1,Eunomia GiBleed,1,1,0,1,3,NA,NA,2018,13,13,1757,1454,5,5,5,5,38.46153846153846,125.60178817056396,40 - 44,Celecoxib,NA,3.980835044490075,1256.0178817056396
1,Eunomia GiBleed,1,1,0,1,3,NA,NA,2019,1,1,76,76,0,0,0,0,0,0,40 - 44,Celecoxib,NA,0.2080766598220397,0
1,Eunomia GiBleed,1,1,0,1,4,NA,NA,1957,1,1,366,366,0,0,0,0,0,0,>=45,Celecoxib,NA,1.002053388090349,0
1,Eunomia GiBleed,1,1,0,1,4,NA,NA,1959,1,1,366,366,0,0,0,0,0,0,>=45,Celecoxib,NA,1.002053388090349,0
1,Eunomia GiBleed,1,1,0,1,4,NA,NA,1963,1,1,366,366,0,0,0,0,0,0,>=45,Celecoxib,NA,1.002053388090349,0
1,Eunomia GiBleed,1,1,0,1,4,NA,NA,1966,1,1,366,366,0,0,0,0,0,0,>=45,Celecoxib,NA,1.002053388090349,0
1,Eunomia GiBleed,1,1,0,1,4,NA,NA,1975,2,2,732,132,2,2,2,2,100,553.4090909090909,>=45,Celecoxib,NA,0.3613963039014374,5534.090909090909
1,Eunomia GiBleed,1,1,0,1,4,NA,NA,1981,2,2,732,732,0,0,0,0,0,0,>=45,Celecoxib,NA,2.004106776180698,0
1,Eunomia GiBleed,1,1,0,1,4,NA,NA,1982,1,1,366,12,1,1,1,1,100,3043.75,>=45,Celecoxib,NA,0.03285420944558522,30437.5
1,Eunomia GiBleed,1,1,0,1,4,NA,NA,1983,2,2,732,732,0,0,0,0,0,0,>=45,Celecoxib,NA,2.004106776180698,0
1,Eunomia GiBleed,1,1,0,1,4,NA,NA,1984,3,3,1098,486,2,2,2,2,66.66666666666667,150.30864197530866,>=45,Celecoxib,NA,1.3305954825462012,1503.0864197530864
1,Eunomia GiBleed,1,1,0,1,4,NA,NA,1987,2,2,732,732,0,0,0,0,0,0,>=45,Celecoxib,NA,2.004106776180698,0
1,Eunomia GiBleed,1,1,0,1,4,NA,NA,1991,2,2,732,732,0,0,0,0,0,0,>=45,Celecoxib,NA,2.004106776180698,0
1,Eunomia GiBleed,1,1,0,1,4,NA,NA,1992,2,2,732,732,0,0,0,0,0,0,>=45,Celecoxib,NA,2.004106776180698,0
1,Eunomia GiBleed,1,1,0,1,4,NA,NA,1994,1,1,366,366,0,0,0,0,0,0,>=45,Celecoxib,NA,1.002053388090349,0
1,Eunomia GiBleed,1,1,0,1,4,NA,NA,1995,3,3,1098,815,1,1,1,1,33.333333333333336,44.8159509202454,>=45,Celecoxib,NA,2.2313483915126624,448.15950920245405
1,Eunomia GiBleed,1,1,0,1,4,NA,NA,1998,2,2,684,684,0,0,0,0,0,0,>=45,Celecoxib,NA,1.8726899383983573,0
1,Eunomia GiBleed,1,1,0,1,4,NA,NA,1999,3,3,1098,788,1,1,1,1,33.333333333333336,46.351522842639596,>=45,Celecoxib,NA,2.1574264202600957,463.515228426396
1,Eunomia GiBleed,1,1,0,1,4,NA,NA,2000,2,2,732,732,0,0,0,0,0,0,>=45,Celecoxib,NA,2.004106776180698,0
1,Eunomia GiBleed,1,1,0,1,4,NA,NA,2001,3,3,1098,821,1,1,1,1,33.333333333333336,44.4884287454324,>=45,Celecoxib,NA,2.2477754962354553,444.88428745432395
1,Eunomia GiBleed,1,1,0,1,4,NA,NA,2002,1,1,366,366,0,0,0,0,0,0,>=45,Celecoxib,NA,1.002053388090349,0
1,Eunomia GiBleed,1,1,0,1,4,NA,NA,2003,1,1,366,366,0,0,0,0,0,0,>=45,Celecoxib,NA,1.002053388090349,0
1,Eunomia GiBleed,1,1,0,1,4,NA,NA,2004,3,3,1098,1098,0,0,0,0,0,0,>=45,Celecoxib,NA,3.0061601642710474,0
1,Eunomia GiBleed,1,1,0,1,4,NA,NA,2005,5,5,1830,1523,1,1,1,1,20,23.982271831910705,>=45,Celecoxib,NA,4.16974674880219,239.82271831910705
1,Eunomia GiBleed,1,1,0,1,4,NA,NA,2006,4,4,1464,824,2,2,2,2,50,88.65291262135922,>=45,Celecoxib,NA,2.2559890485968515,886.5291262135922
1,Eunomia GiBleed,1,1,0,1,4,NA,NA,2007,1,1,366,366,0,0,0,0,0,0,>=45,Celecoxib,NA,1.002053388090349,0
1,Eunomia GiBleed,1,1,0,1,4,NA,NA,2008,3,3,1098,1098,0,0,0,0,0,0,>=45,Celecoxib,NA,3.0061601642710474,0
1,Eunomia GiBleed,1,1,0,1,4,NA,NA,2009,2,2,732,431,1,1,1,1,50,84.74477958236659,>=45,Celecoxib,NA,1.1800136892539357,847.4477958236658
1,Eunomia GiBleed,1,1,0,1,4,NA,NA,2010,2,2,732,732,0,0,0,0,0,0,>=45,Celecoxib,NA,2.004106776180698,0
1,Eunomia GiBleed,1,1,0,1,4,NA,NA,2011,4,4,1464,806,2,2,2,2,50,90.63275434243175,>=45,Celecoxib,NA,2.206707734428474,906.3275434243176
1,Eunomia GiBleed,1,1,0,1,4,NA,NA,2012,2,2,732,732,0,0,0,0,0,0,>=45,Celecoxib,NA,2.004106776180698,0
1,Eunomia GiBleed,1,1,0,1,4,NA,NA,2014,3,3,1098,1098,0,0,0,0,0,0,>=45,Celecoxib,NA,3.0061601642710474,0
1,Eunomia GiBleed,1,1,0,1,4,NA,NA,2015,3,3,1098,1098,0,0,0,0,0,0,>=45,Celecoxib,NA,3.0061601642710474,0
1,Eunomia GiBleed,1,1,0,1,4,NA,NA,2016,1,1,366,366,0,0,0,0,0,0,>=45,Celecoxib,NA,1.002053388090349,0
1,Eunomia GiBleed,1,1,0,1,4,NA,NA,2017,3,3,1082,1082,0,0,0,0,0,0,>=45,Celecoxib,NA,2.9623545516769334,0
1,Eunomia GiBleed,1,1,0,1,1,8507,MALE,1943,2,2,732,439,1,1,1,1,50,83.20045558086561,<35,Celecoxib,Male,1.2019164955509924,832.004555808656
1,Eunomia GiBleed,1,1,0,1,1,8507,MALE,1945,1,1,366,366,0,0,0,0,0,0,<35,Celecoxib,Male,1.002053388090349,0
1,Eunomia GiBleed,1,1,0,1,1,8507,MALE,1947,1,1,366,77,1,1,1,1,100,474.35064935064935,<35,Celecoxib,Male,0.2108145106091718,4743.506493506493
1,Eunomia GiBleed,1,1,0,1,1,8507,MALE,1964,1,1,366,366,0,0,0,0,0,0,<35,Celecoxib,Male,1.002053388090349,0
1,Eunomia GiBleed,1,1,0,1,1,8507,MALE,1967,1,1,366,366,0,0,0,0,0,0,<35,Celecoxib,Male,1.002053388090349,0
1,Eunomia GiBleed,1,1,0,1,1,8507,MALE,1968,1,1,366,366,0,0,0,0,0,0,<35,Celecoxib,Male,1.002053388090349,0
1,Eunomia GiBleed,1,1,0,1,1,8507,MALE,1970,2,2,732,372,1,1,1,1,50,98.18548387096774,<35,Celecoxib,Male,1.0184804928131417,981.8548387096774
1,Eunomia GiBleed,1,1,0,1,1,8507,MALE,1974,1,1,366,366,0,0,0,0,0,0,<35,Celecoxib,Male,1.002053388090349,0
1,Eunomia GiBleed,1,1,0,1,1,8507,MALE,1976,2,2,732,732,0,0,0,0,0,0,<35,Celecoxib,Male,2.004106776180698,0
1,Eunomia GiBleed,1,1,0,1,1,8507,MALE,1977,1,1,366,366,0,0,0,0,0,0,<35,Celecoxib,Male,1.002053388090349,0
1,Eunomia GiBleed,1,1,0,1,1,8507,MALE,1978,1,1,366,366,0,0,0,0,0,0,<35,Celecoxib,Male,1.002053388090349,0
1,Eunomia GiBleed,1,1,0,1,1,8507,MALE,1979,2,2,732,425,1,1,1,1,50,85.94117647058823,<35,Celecoxib,Male,1.163586584531143,859.4117647058823
1,Eunomia GiBleed,1,1,0,1,1,8507,MALE,1980,2,2,732,732,0,0,0,0,0,0,<35,Celecoxib,Male,2.004106776180698,0
1,Eunomia GiBleed,1,1,0,1,1,8507,MALE,1981,3,3,1098,742,1,1,1,1,33.333333333333336,49.225067385444746,<35,Celecoxib,Male,2.0314852840520192,492.2506738544474
1,Eunomia GiBleed,1,1,0,1,1,8507,MALE,1982,1,1,366,366,0,0,0,0,0,0,<35,Celecoxib,Male,1.002053388090349,0
1,Eunomia GiBleed,1,1,0,1,1,8507,MALE,1983,2,2,732,732,0,0,0,0,0,0,<35,Celecoxib,Male,2.004106776180698,0
1,Eunomia GiBleed,1,1,0,1,1,8507,MALE,1984,1,1,366,366,0,0,0,0,0,0,<35,Celecoxib,Male,1.002053388090349,0
1,Eunomia GiBleed,1,1,0,1,1,8507,MALE,1985,3,3,1098,756,1,1,1,1,33.333333333333336,48.31349206349206,<35,Celecoxib,Male,2.0698151950718686,483.1349206349206
1,Eunomia GiBleed,1,1,0,1,1,8507,MALE,1986,2,2,732,732,0,0,0,0,0,0,<35,Celecoxib,Male,2.004106776180698,0
1,Eunomia GiBleed,1,1,0,1,1,8507,MALE,1988,2,2,732,442,1,1,1,1,50,82.63574660633483,<35,Celecoxib,Male,1.2101300479123889,826.3574660633484
1,Eunomia GiBleed,1,1,0,1,1,8507,MALE,1989,4,4,1464,1187,1,1,1,1,25,30.770850884582984,<35,Celecoxib,Male,3.249828884325804,307.70850884582984
1,Eunomia GiBleed,1,1,0,1,1,8507,MALE,1990,3,3,1098,797,1,1,1,1,33.333333333333336,45.82810539523212,<35,Celecoxib,Male,2.1820670773442847,458.2810539523212
1,Eunomia GiBleed,1,1,0,1,1,8507,MALE,1991,1,1,366,366,0,0,0,0,0,0,<35,Celecoxib,Male,1.002053388090349,0
1,Eunomia GiBleed,1,1,0,1,1,8507,MALE,1992,2,2,732,387,1,1,1,1,50,94.37984496124031,<35,Celecoxib,Male,1.0595482546201231,943.7984496124031
1,Eunomia GiBleed,1,1,0,1,1,8507,MALE,1994,1,1,366,19,1,1,1,1,100,1922.3684210526314,<35,Celecoxib,Male,0.05201916495550993,19223.684210526313
1,Eunomia GiBleed,1,1,0,1,1,8507,MALE,1995,3,3,1098,1098,0,0,0,0,0,0,<35,Celecoxib,Male,3.0061601642710474,0
1,Eunomia GiBleed,1,1,0,1,1,8507,MALE,1996,1,1,366,366,0,0,0,0,0,0,<35,Celecoxib,Male,1.002053388090349,0
1,Eunomia GiBleed,1,1,0,1,1,8507,MALE,1997,1,1,366,366,0,0,0,0,0,0,<35,Celecoxib,Male,1.002053388090349,0
1,Eunomia GiBleed,1,1,0,1,1,8507,MALE,2000,3,3,1098,1098,0,0,0,0,0,0,<35,Celecoxib,Male,3.0061601642710474,0
1,Eunomia GiBleed,1,1,0,1,1,8507,MALE,2001,1,1,366,366,0,0,0,0,0,0,<35,Celecoxib,Male,1.002053388090349,0
1,Eunomia GiBleed,1,1,0,1,1,8507,MALE,2002,5,5,1830,1830,0,0,0,0,0,0,<35,Celecoxib,Male,5.0102669404517455,0
1,Eunomia GiBleed,1,1,0,1,1,8507,MALE,2003,2,2,732,732,0,0,0,0,0,0,<35,Celecoxib,Male,2.004106776180698,0
1,Eunomia GiBleed,1,1,0,1,1,8507,MALE,2004,4,4,1464,809,2,2,2,2,50,90.29666254635352,<35,Celecoxib,Male,2.21492128678987,902.9666254635353
1,Eunomia GiBleed,1,1,0,1,1,8507,MALE,2005,2,2,732,732,0,0,0,0,0,0,<35,Celecoxib,Male,2.004106776180698,0
1,Eunomia GiBleed,1,1,0,1,1,8507,MALE,2006,4,4,1464,1159,1,1,1,1,25,31.514236410698878,<35,Celecoxib,Male,3.1731690622861053,315.1423641069888
1,Eunomia GiBleed,1,1,0,1,1,8507,MALE,2007,1,1,366,366,0,0,0,0,0,0,<35,Celecoxib,Male,1.002053388090349,0
1,Eunomia GiBleed,1,1,0,1,1,8507,MALE,2008,3,3,1098,1098,0,0,0,0,0,0,<35,Celecoxib,Male,3.0061601642710474,0
1,Eunomia GiBleed,1,1,0,1,1,8507,MALE,2010,1,1,366,366,0,0,0,0,0,0,<35,Celecoxib,Male,1.002053388090349,0
1,Eunomia GiBleed,1,1,0,1,1,8507,MALE,2011,1,1,366,366,0,0,0,0,0,0,<35,Celecoxib,Male,1.002053388090349,0
1,Eunomia GiBleed,1,1,0,1,1,8507,MALE,2012,3,3,1098,758,1,1,1,1,33.333333333333336,48.18601583113457,<35,Celecoxib,Male,2.0752908966461328,481.86015831134563
1,Eunomia GiBleed,1,1,0,1,1,8507,MALE,2013,3,3,1098,1098,0,0,0,0,0,0,<35,Celecoxib,Male,3.0061601642710474,0
1,Eunomia GiBleed,1,1,0,1,1,8507,MALE,2014,1,1,366,366,0,0,0,0,0,0,<35,Celecoxib,Male,1.002053388090349,0
1,Eunomia GiBleed,1,1,0,1,1,8507,MALE,2015,2,2,732,732,0,0,0,0,0,0,<35,Celecoxib,Male,2.004106776180698,0
1,Eunomia GiBleed,1,1,0,1,1,8507,MALE,2016,8,8,2807,2495,1,1,1,1,12.5,14.639278557114228,<35,Celecoxib,Male,6.830937713894593,146.39278557114227
1,Eunomia GiBleed,1,1,0,1,1,8507,MALE,2017,1,1,366,366,0,0,0,0,0,0,<35,Celecoxib,Male,1.002053388090349,0
1,Eunomia GiBleed,1,1,0,1,1,8507,MALE,2018,2,2,551,128,2,2,2,2,100,570.703125,<35,Celecoxib,Male,0.35044490075290896,5707.03125
1,Eunomia GiBleed,1,1,0,1,1,8532,FEMALE,1941,1,1,366,366,0,0,0,0,0,0,<35,Celecoxib,Female,1.002053388090349,0
1,Eunomia GiBleed,1,1,0,1,1,8532,FEMALE,1943,1,1,366,366,0,0,0,0,0,0,<35,Celecoxib,Female,1.002053388090349,0
1,Eunomia GiBleed,1,1,0,1,1,8532,FEMALE,1944,2,2,732,405,1,1,1,1,50,90.18518518518519,<35,Celecoxib,Female,1.108829568788501,901.8518518518518
1,Eunomia GiBleed,1,1,0,1,1,8532,FEMALE,1945,1,1,366,366,0,0,0,0,0,0,<35,Celecoxib,Female,1.002053388090349,0
1,Eunomia GiBleed,1,1,0,1,1,8532,FEMALE,1948,1,1,366,366,0,0,0,0,0,0,<35,Celecoxib,Female,1.002053388090349,0
1,Eunomia GiBleed,1,1,0,1,1,8532,FEMALE,1954,1,1,366,366,0,0,0,0,0,0,<35,Celecoxib,Female,1.002053388090349,0
1,Eunomia GiBleed,1,1,0,1,1,8532,FEMALE,1956,1,1,366,21,1,1,1,1,100,1739.2857142857142,<35,Celecoxib,Female,0.057494866529774126,17392.857142857145
1,Eunomia GiBleed,1,1,0,1,1,8532,FEMALE,1967,1,1,366,366,0,0,0,0,0,0,<35,Celecoxib,Female,1.002053388090349,0
1,Eunomia GiBleed,1,1,0,1,1,8532,FEMALE,1968,1,1,366,50,1,1,1,1,100,730.5,<35,Celecoxib,Female,0.13689253935660506,7305
1,Eunomia GiBleed,1,1,0,1,1,8532,FEMALE,1970,2,2,732,732,0,0,0,0,0,0,<35,Celecoxib,Female,2.004106776180698,0
1,Eunomia GiBleed,1,1,0,1,1,8532,FEMALE,1971,2,2,732,732,0,0,0,0,0,0,<35,Celecoxib,Female,2.004106776180698,0
1,Eunomia GiBleed,1,1,0,1,1,8532,FEMALE,1972,1,1,366,366,0,0,0,0,0,0,<35,Celecoxib,Female,1.002053388090349,0
1,Eunomia GiBleed,1,1,0,1,1,8532,FEMALE,1974,2,2,732,732,0,0,0,0,0,0,<35,Celecoxib,Female,2.004106776180698,0
1,Eunomia GiBleed,1,1,0,1,1,8532,FEMALE,1975,1,1,366,366,0,0,0,0,0,0,<35,Celecoxib,Female,1.002053388090349,0
1,Eunomia GiBleed,1,1,0,1,1,8532,FEMALE,1976,2,2,732,732,0,0,0,0,0,0,<35,Celecoxib,Female,2.004106776180698,0
1,Eunomia GiBleed,1,1,0,1,1,8532,FEMALE,1977,2,2,732,732,0,0,0,0,0,0,<35,Celecoxib,Female,2.004106776180698,0
1,Eunomia GiBleed,1,1,0,1,1,8532,FEMALE,1978,2,2,732,373,1,1,1,1,50,97.92225201072387,<35,Celecoxib,Female,1.0212183436002737,979.2225201072387
1,Eunomia GiBleed,1,1,0,1,1,8532,FEMALE,1979,1,1,366,366,0,0,0,0,0,0,<35,Celecoxib,Female,1.002053388090349,0
1,Eunomia GiBleed,1,1,0,1,1,8532,FEMALE,1980,2,2,732,732,0,0,0,0,0,0,<35,Celecoxib,Female,2.004106776180698,0
1,Eunomia GiBleed,1,1,0,1,1,8532,FEMALE,1981,1,1,366,366,0,0,0,0,0,0,<35,Celecoxib,Female,1.002053388090349,0
1,Eunomia GiBleed,1,1,0,1,1,8532,FEMALE,1983,2,2,732,732,0,0,0,0,0,0,<35,Celecoxib,Female,2.004106776180698,0
1,Eunomia GiBleed,1,1,0,1,1,8532,FEMALE,1985,1,1,366,366,0,0,0,0,0,0,<35,Celecoxib,Female,1.002053388090349,0
1,Eunomia GiBleed,1,1,0,1,1,8532,FEMALE,1986,3,3,1098,1098,0,0,0,0,0,0,<35,Celecoxib,Female,3.0061601642710474,0
1,Eunomia GiBleed,1,1,0,1,1,8532,FEMALE,1987,2,2,732,377,1,1,1,1,50,96.88328912466844,<35,Celecoxib,Female,1.0321697467488022,968.8328912466843
1,Eunomia GiBleed,1,1,0,1,1,8532,FEMALE,1988,2,2,732,732,0,0,0,0,0,0,<35,Celecoxib,Female,2.004106776180698,0
1,Eunomia GiBleed,1,1,0,1,1,8532,FEMALE,1989,3,3,1098,1098,0,0,0,0,0,0,<35,Celecoxib,Female,3.0061601642710474,0
1,Eunomia GiBleed,1,1,0,1,1,8532,FEMALE,1990,2,2,732,443,1,1,1,1,50,82.4492099322799,<35,Celecoxib,Female,1.212867898699521,824.492099322799
1,Eunomia GiBleed,1,1,0,1,1,8532,FEMALE,1991,2,2,732,732,0,0,0,0,0,0,<35,Celecoxib,Female,2.004106776180698,0
1,Eunomia GiBleed,1,1,0,1,1,8532,FEMALE,1992,7,7,2562,1922,2,2,2,2,28.571428571428573,38.007284079084286,<35,Celecoxib,Female,5.262149212867898,380.0728407908429
1,Eunomia GiBleed,1,1,0,1,1,8532,FEMALE,1993,2,2,732,732,0,0,0,0,0,0,<35,Celecoxib,Female,2.004106776180698,0
1,Eunomia GiBleed,1,1,0,1,1,8532,FEMALE,1995,4,4,1464,1146,1,1,1,1,25,31.8717277486911,<35,Celecoxib,Female,3.137577002053388,318.71727748691103
1,Eunomia GiBleed,1,1,0,1,1,8532,FEMALE,1996,3,3,1098,804,1,1,1,1,33.333333333333336,45.429104477611936,<35,Celecoxib,Female,2.2012320328542097,454.29104477611935
1,Eunomia GiBleed,1,1,0,1,1,8532,FEMALE,1997,1,1,366,11,1,1,1,1,100,3320.4545454545455,<35,Celecoxib,Female,0.030116358658453114,33204.545454545456
1,Eunomia GiBleed,1,1,0,1,1,8532,FEMALE,1998,2,2,732,732,0,0,0,0,0,0,<35,Celecoxib,Female,2.004106776180698,0
1,Eunomia GiBleed,1,1,0,1,1,8532,FEMALE,1999,4,4,1464,1118,1,1,1,1,25,32.669946332737034,<35,Celecoxib,Female,3.060917180013689,326.6994633273703
1,Eunomia GiBleed,1,1,0,1,1,8532,FEMALE,2000,4,4,1464,1121,1,1,1,1,25,32.58251561106155,<35,Celecoxib,Female,3.0691307323750854,325.8251561106155
1,Eunomia GiBleed,1,1,0,1,1,8532,FEMALE,2001,4,4,1464,1464,0,0,0,0,0,0,<35,Celecoxib,Female,4.008213552361396,0
1,Eunomia GiBleed,1,1,0,1,1,8532,FEMALE,2002,1,1,366,366,0,0,0,0,0,0,<35,Celecoxib,Female,1.002053388090349,0
1,Eunomia GiBleed,1,1,0,1,1,8532,FEMALE,2003,2,2,732,732,0,0,0,0,0,0,<35,Celecoxib,Female,2.004106776180698,0
1,Eunomia GiBleed,1,1,0,1,1,8532,FEMALE,2004,4,4,1464,1165,1,1,1,1,25,31.3519313304721,<35,Celecoxib,Female,3.189596167008898,313.51931330472104
1,Eunomia GiBleed,1,1,0,1,1,8532,FEMALE,2005,3,3,1098,1098,0,0,0,0,0,0,<35,Celecoxib,Female,3.0061601642710474,0
1,Eunomia GiBleed,1,1,0,1,1,8532,FEMALE,2006,1,1,366,366,0,0,0,0,0,0,<35,Celecoxib,Female,1.002053388090349,0
1,Eunomia GiBleed,1,1,0,1,1,8532,FEMALE,2007,1,1,366,366,0,0,0,0,0,0,<35,Celecoxib,Female,1.002053388090349,0
1,Eunomia GiBleed,1,1,0,1,1,8532,FEMALE,2008,3,3,1098,743,1,1,1,1,33.333333333333336,49.158815612382234,<35,Celecoxib,Female,2.0342231348391513,491.58815612382233
1,Eunomia GiBleed,1,1,0,1,1,8532,FEMALE,2009,2,2,732,732,0,0,0,0,0,0,<35,Celecoxib,Female,2.004106776180698,0
1,Eunomia GiBleed,1,1,0,1,1,8532,FEMALE,2011,3,3,1098,1098,0,0,0,0,0,0,<35,Celecoxib,Female,3.0061601642710474,0
1,Eunomia GiBleed,1,1,0,1,1,8532,FEMALE,2012,1,1,366,366,0,0,0,0,0,0,<35,Celecoxib,Female,1.002053388090349,0
1,Eunomia GiBleed,1,1,0,1,1,8532,FEMALE,2014,5,5,1830,1535,1,1,1,1,20,23.794788273615634,<35,Celecoxib,Female,4.202600958247776,237.94788273615634
1,Eunomia GiBleed,1,1,0,1,1,8532,FEMALE,2015,5,5,1830,1531,1,1,1,1,20,23.8569562377531,<35,Celecoxib,Female,4.191649555099247,238.569562377531
1,Eunomia GiBleed,1,1,0,1,1,8532,FEMALE,2016,1,1,366,366,0,0,0,0,0,0,<35,Celecoxib,Female,1.002053388090349,0
1,Eunomia GiBleed,1,1,0,1,1,8532,FEMALE,2017,2,2,606,606,0,0,0,0,0,0,<35,Celecoxib,Female,1.6591375770020533,0
1,Eunomia GiBleed,1,1,0,1,1,8532,FEMALE,2019,1,1,68,68,0,0,0,0,0,0,<35,Celecoxib,Female,0.1861738535249829,0
1,Eunomia GiBleed,1,1,0,1,2,8507,MALE,1945,1,1,366,366,0,0,0,0,0,0,35 - 39,Celecoxib,Male,1.002053388090349,0
1,Eunomia GiBleed,1,1,0,1,2,8507,MALE,1947,1,1,366,366,0,0,0,0,0,0,35 - 39,Celecoxib,Male,1.002053388090349,0
1,Eunomia GiBleed,1,1,0,1,2,8507,MALE,1949,1,1,366,366,0,0,0,0,0,0,35 - 39,Celecoxib,Male,1.002053388090349,0
1,Eunomia GiBleed,1,1,0,1,2,8507,MALE,1950,4,4,1464,1175,1,1,1,1,25,31.085106382978726,35 - 39,Celecoxib,Male,3.216974674880219,310.8510638297873
1,Eunomia GiBleed,1,1,0,1,2,8507,MALE,1953,2,2,732,732,0,0,0,0,0,0,35 - 39,Celecoxib,Male,2.004106776180698,0
1,Eunomia GiBleed,1,1,0,1,2,8507,MALE,1954,1,1,366,366,0,0,0,0,0,0,35 - 39,Celecoxib,Male,1.002053388090349,0
1,Eunomia GiBleed,1,1,0,1,2,8507,MALE,1956,1,1,366,366,0,0,0,0,0,0,35 - 39,Celecoxib,Male,1.002053388090349,0
1,Eunomia GiBleed,1,1,0,1,2,8507,MALE,1957,3,3,1098,446,2,2,2,2,66.66666666666667,163.78923766816143,35 - 39,Celecoxib,Male,1.2210814510609171,1637.8923766816145
1,Eunomia GiBleed,1,1,0,1,2,8507,MALE,1958,3,3,1098,1098,0,0,0,0,0,0,35 - 39,Celecoxib,Male,3.0061601642710474,0
1,Eunomia GiBleed,1,1,0,1,2,8507,MALE,1959,1,1,366,366,0,0,0,0,0,0,35 - 39,Celecoxib,Male,1.002053388090349,0
1,Eunomia GiBleed,1,1,0,1,2,8507,MALE,1961,1,1,366,366,0,0,0,0,0,0,35 - 39,Celecoxib,Male,1.002053388090349,0
1,Eunomia GiBleed,1,1,0,1,2,8507,MALE,1962,2,2,732,732,0,0,0,0,0,0,35 - 39,Celecoxib,Male,2.004106776180698,0
1,Eunomia GiBleed,1,1,0,1,2,8507,MALE,1963,1,1,366,38,1,1,1,1,100,961.1842105263157,35 - 39,Celecoxib,Male,0.10403832991101986,9611.842105263157
1,Eunomia GiBleed,1,1,0,1,2,8507,MALE,1964,2,2,732,732,0,0,0,0,0,0,35 - 39,Celecoxib,Male,2.004106776180698,0
1,Eunomia GiBleed,1,1,0,1,2,8507,MALE,1966,1,1,366,366,0,0,0,0,0,0,35 - 39,Celecoxib,Male,1.002053388090349,0
1,Eunomia GiBleed,1,1,0,1,2,8507,MALE,1969,1,1,366,51,1,1,1,1,100,716.1764705882354,35 - 39,Celecoxib,Male,0.13963039014373715,7161.764705882353
1,Eunomia GiBleed,1,1,0,1,2,8507,MALE,1970,1,1,366,366,0,0,0,0,0,0,35 - 39,Celecoxib,Male,1.002053388090349,0
1,Eunomia GiBleed,1,1,0,1,2,8507,MALE,1971,6,6,2196,1892,1,1,1,1,16.666666666666668,19.304968287526428,35 - 39,Celecoxib,Male,5.1800136892539355,193.04968287526427
1,Eunomia GiBleed,1,1,0,1,2,8507,MALE,1972,1,1,366,366,0,0,0,0,0,0,35 - 39,Celecoxib,Male,1.002053388090349,0
1,Eunomia GiBleed,1,1,0,1,2,8507,MALE,1973,6,6,2196,2196,0,0,0,0,0,0,35 - 39,Celecoxib,Male,6.012320328542095,0
1,Eunomia GiBleed,1,1,0,1,2,8507,MALE,1974,4,4,1464,1140,1,1,1,1,25,32.03947368421053,35 - 39,Celecoxib,Male,3.1211498973305956,320.39473684210526
1,Eunomia GiBleed,1,1,0,1,2,8507,MALE,1975,3,3,1098,810,1,1,1,1,33.333333333333336,45.092592592592595,35 - 39,Celecoxib,Male,2.217659137577002,450.9259259259259
1,Eunomia GiBleed,1,1,0,1,2,8507,MALE,1976,1,1,366,366,0,0,0,0,0,0,35 - 39,Celecoxib,Male,1.002053388090349,0
1,Eunomia GiBleed,1,1,0,1,2,8507,MALE,1977,4,4,1464,1125,1,1,1,1,25,32.46666666666667,35 - 39,Celecoxib,Male,3.080082135523614,324.66666666666663
1,Eunomia GiBleed,1,1,0,1,2,8507,MALE,1978,2,2,732,424,1,1,1,1,50,86.1438679245283,35 - 39,Celecoxib,Male,1.160848733744011,861.438679245283
1,Eunomia GiBleed,1,1,0,1,2,8507,MALE,1979,4,4,1464,888,2,2,2,2,50,82.26351351351352,35 - 39,Celecoxib,Male,2.431211498973306,822.6351351351351
1,Eunomia GiBleed,1,1,0,1,2,8507,MALE,1980,6,6,2196,1584,2,2,2,2,33.333333333333336,46.11742424242424,35 - 39,Celecoxib,Male,4.336755646817249,461.1742424242424
1,Eunomia GiBleed,1,1,0,1,2,8507,MALE,1981,4,4,1464,1464,0,0,0,0,0,0,35 - 39,Celecoxib,Male,4.008213552361396,0
1,Eunomia GiBleed,1,1,0,1,2,8507,MALE,1982,3,3,1098,1098,0,0,0,0,0,0,35 - 39,Celecoxib,Male,3.0061601642710474,0
1,Eunomia GiBleed,1,1,0,1,2,8507,MALE,1983,4,4,1464,1464,0,0,0,0,0,0,35 - 39,Celecoxib,Male,4.008213552361396,0
1,Eunomia GiBleed,1,1,0,1,2,8507,MALE,1984,8,8,2928,1939,3,3,3,3,37.5,56.51108818978855,35 - 39,Celecoxib,Male,5.308692676249144,565.1108818978855
1,Eunomia GiBleed,1,1,0,1,2,8507,MALE,1985,4,4,1464,1124,1,1,1,1,25,32.495551601423486,35 - 39,Celecoxib,Male,3.077344284736482,324.95551601423483
1,Eunomia GiBleed,1,1,0,1,2,8507,MALE,1986,10,10,3660,3660,0,0,0,0,0,0,35 - 39,Celecoxib,Male,10.020533880903491,0
1,Eunomia GiBleed,1,1,0,1,2,8507,MALE,1987,10,10,3660,3323,1,1,1,1,10,10.991573879024978,35 - 39,Celecoxib,Male,9.097878165639973,109.91573879024978
1,Eunomia GiBleed,1,1,0,1,2,8507,MALE,1988,7,7,2562,2261,1,1,1,1,14.285714285714286,16.15435647943388,35 - 39,Celecoxib,Male,6.190280629705681,161.54356479433878
1,Eunomia GiBleed,1,1,0,1,2,8507,MALE,1989,6,6,2196,2196,0,0,0,0,0,0,35 - 39,Celecoxib,Male,6.012320328542095,0
1,Eunomia GiBleed,1,1,0,1,2,8507,MALE,1990,8,8,2928,2349,2,2,2,2,25,31.098339719029376,35 - 39,Celecoxib,Male,6.431211498973306,310.9833971902938
1,Eunomia GiBleed,1,1,0,1,2,8507,MALE,1991,10,10,3660,2685,3,3,3,3,30,40.81005586592179,35 - 39,Celecoxib,Male,7.351129363449692,408.1005586592179
1,Eunomia GiBleed,1,1,0,1,2,8507,MALE,1992,9,9,3294,3294,0,0,0,0,0,0,35 - 39,Celecoxib,Male,9.018480492813142,0
1,Eunomia GiBleed,1,1,0,1,2,8507,MALE,1993,12,12,4392,3775,2,2,2,2,16.666666666666668,19.35099337748344,35 - 39,Celecoxib,Male,10.335386721423683,193.50993377483442
1,Eunomia GiBleed,1,1,0,1,2,8507,MALE,1994,7,7,2562,2253,1,1,1,1,14.285714285714286,16.21171770972037,35 - 39,Celecoxib,Male,6.168377823408624,162.11717709720372
1,Eunomia GiBleed,1,1,0,1,2,8507,MALE,1995,18,18,6588,5058,5,5,5,5,27.77777777777778,36.106168446026096,35 - 39,Celecoxib,Male,13.848049281314168,361.061684460261
1,Eunomia GiBleed,1,1,0,1,2,8507,MALE,1996,12,12,4313,3826,2,2,2,2,16.666666666666668,19.09304756926294,35 - 39,Celecoxib,Male,10.47501711156742,190.9304756926294
1,Eunomia GiBleed,1,1,0,1,2,8507,MALE,1997,11,11,4026,3696,1,1,1,1,9.090909090909092,9.882305194805195,35 - 39,Celecoxib,Male,10.119096509240247,98.82305194805194
1,Eunomia GiBleed,1,1,0,1,2,8507,MALE,1998,9,9,3294,2708,2,2,2,2,22.22222222222222,26.975627769571638,35 - 39,Celecoxib,Male,7.41409993155373,269.7562776957164
1,Eunomia GiBleed,1,1,0,1,2,8507,MALE,1999,19,19,6954,5694,4,4,4,4,21.05263157894737,25.658587987355112,35 - 39,Celecoxib,Male,15.589322381930184,256.5858798735511
1,Eunomia GiBleed,1,1,0,1,2,8507,MALE,2000,10,10,3660,3032,2,2,2,2,20,24.093007915567284,35 - 39,Celecoxib,Male,8.301163586584531,240.93007915567281
1,Eunomia GiBleed,1,1,0,1,2,8507,MALE,2001,12,12,4392,3473,3,3,3,3,25,31.550532680679527,35 - 39,Celecoxib,Male,9.508555783709788,315.50532680679527
1,Eunomia GiBleed,1,1,0,1,2,8507,MALE,2002,11,11,4026,3071,3,3,3,3,27.272727272727273,35.68056007815044,35 - 39,Celecoxib,Male,8.407939767282683,356.80560078150444
1,Eunomia GiBleed,1,1,0,1,2,8507,MALE,2003,8,8,2928,2928,0,0,0,0,0,0,35 - 39,Celecoxib,Male,8.016427104722792,0
1,Eunomia GiBleed,1,1,0,1,2,8507,MALE,2004,18,18,6588,5598,3,3,3,3,16.666666666666668,19.57395498392283,35 - 39,Celecoxib,Male,15.326488706365502,195.73954983922832
1,Eunomia GiBleed,1,1,0,1,2,8507,MALE,2005,12,12,4392,3786,2,2,2,2,16.666666666666668,19.29477020602219,35 - 39,Celecoxib,Male,10.365503080082135,192.94770206022187
1,Eunomia GiBleed,1,1,0,1,2,8507,MALE,2006,12,12,4392,3758,2,2,2,2,16.666666666666668,19.43853113358169,35 - 39,Celecoxib,Male,10.288843258042437,194.3853113358169
1,Eunomia GiBleed,1,1,0,1,2,8507,MALE,2007,20,20,7320,5791,5,5,5,5,25,31.53600414436194,35 - 39,Celecoxib,Male,15.854893908282,315.36004144361937
1,Eunomia GiBleed,1,1,0,1,2,8507,MALE,2008,9,9,3294,2974,1,1,1,1,11.11111111111111,12.281439139206455,35 - 39,Celecoxib,Male,8.14236824093087,122.81439139206456
1,Eunomia GiBleed,1,1,0,1,2,8507,MALE,2009,11,11,4026,3357,2,2,2,2,18.181818181818183,21.760500446827525,35 - 39,Celecoxib,Male,9.190965092402465,217.60500446827524
1,Eunomia GiBleed,1,1,0,1,2,8507,MALE,2010,15,15,5490,3925,5,5,5,5,33.333333333333336,46.52866242038217,35 - 39,Celecoxib,Male,10.746064339493497,465.2866242038217
1,Eunomia GiBleed,1,1,0,1,2,8507,MALE,2011,10,10,3660,3348,1,1,1,1,10,10.909498207885305,35 - 39,Celecoxib,Male,9.166324435318275,109.09498207885305
1,Eunomia GiBleed,1,1,0,1,2,8507,MALE,2012,10,10,3660,2654,3,3,3,3,30,41.28673700075358,35 - 39,Celecoxib,Male,7.266255989048597,412.8673700075358
1,Eunomia GiBleed,1,1,0,1,2,8507,MALE,2013,10,10,3660,2682,3,3,3,3,30,40.855704697986575,35 - 39,Celecoxib,Male,7.342915811088296,408.5570469798658
1,Eunomia GiBleed,1,1,0,1,2,8507,MALE,2014,10,10,3605,3605,0,0,0,0,0,0,35 - 39,Celecoxib,Male,9.869952087611225,0
1,Eunomia GiBleed,1,1,0,1,2,8507,MALE,2015,10,10,3660,2468,4,4,4,4,40,59.19773095623987,35 - 39,Celecoxib,Male,6.757015742642026,591.9773095623987
1,Eunomia GiBleed,1,1,0,1,2,8507,MALE,2016,8,8,2628,2610,1,1,1,1,12.5,13.99425287356322,35 - 39,Celecoxib,Male,7.145790554414784,139.94252873563218
1,Eunomia GiBleed,1,1,0,1,2,8507,MALE,2017,7,7,1283,974,2,2,2,2,28.571428571428573,75,35 - 39,Celecoxib,Male,2.6666666666666665,750
1,Eunomia GiBleed,1,1,0,1,2,8507,MALE,2018,2,2,420,420,0,0,0,0,0,0,35 - 39,Celecoxib,Male,1.1498973305954825,0
1,Eunomia GiBleed,1,1,0,1,2,8507,MALE,2019,2,2,27,26,1,1,1,1,50,1404.8076923076922,35 - 39,Celecoxib,Male,0.07118412046543464,14048.076923076922
1,Eunomia GiBleed,1,1,0,1,2,8532,FEMALE,1945,2,2,732,421,1,1,1,1,50,86.75771971496438,35 - 39,Celecoxib,Female,1.1526351813826146,867.5771971496438
1,Eunomia GiBleed,1,1,0,1,2,8532,FEMALE,1946,2,2,732,435,1,1,1,1,50,83.9655172413793,35 - 39,Celecoxib,Female,1.1909650924024642,839.655172413793
1,Eunomia GiBleed,1,1,0,1,2,8532,FEMALE,1947,2,2,732,732,0,0,0,0,0,0,35 - 39,Celecoxib,Female,2.004106776180698,0
1,Eunomia GiBleed,1,1,0,1,2,8532,FEMALE,1948,3,3,1098,471,2,2,2,2,66.66666666666667,155.0955414012739,35 - 39,Celecoxib,Female,1.2895277207392197,1550.9554140127389
1,Eunomia GiBleed,1,1,0,1,2,8532,FEMALE,1949,1,1,366,70,1,1,1,1,100,521.7857142857143,35 - 39,Celecoxib,Female,0.19164955509924708,5217.857142857143
1,Eunomia GiBleed,1,1,0,1,2,8532,FEMALE,1950,1,1,366,366,0,0,0,0,0,0,35 - 39,Celecoxib,Female,1.002053388090349,0
1,Eunomia GiBleed,1,1,0,1,2,8532,FEMALE,1951,1,1,366,366,0,0,0,0,0,0,35 - 39,Celecoxib,Female,1.002053388090349,0
1,Eunomia GiBleed,1,1,0,1,2,8532,FEMALE,1952,2,2,732,732,0,0,0,0,0,0,35 - 39,Celecoxib,Female,2.004106776180698,0
1,Eunomia GiBleed,1,1,0,1,2,8532,FEMALE,1955,1,1,366,366,0,0,0,0,0,0,35 - 39,Celecoxib,Female,1.002053388090349,0
1,Eunomia GiBleed,1,1,0,1,2,8532,FEMALE,1956,3,3,1098,1098,0,0,0,0,0,0,35 - 39,Celecoxib,Female,3.0061601642710474,0
1,Eunomia GiBleed,1,1,0,1,2,8532,FEMALE,1957,3,3,1098,1098,0,0,0,0,0,0,35 - 39,Celecoxib,Female,3.0061601642710474,0
1,Eunomia GiBleed,1,1,0,1,2,8532,FEMALE,1958,2,2,732,409,1,1,1,1,50,89.30317848410758,35 - 39,Celecoxib,Female,1.1197809719370295,893.0317848410757
1,Eunomia GiBleed,1,1,0,1,2,8532,FEMALE,1959,2,2,732,444,1,1,1,1,50,82.26351351351352,35 - 39,Celecoxib,Female,1.215605749486653,822.6351351351351
1,Eunomia GiBleed,1,1,0,1,2,8532,FEMALE,1960,1,1,366,366,0,0,0,0,0,0,35 - 39,Celecoxib,Female,1.002053388090349,0
1,Eunomia GiBleed,1,1,0,1,2,8532,FEMALE,1962,2,2,732,732,0,0,0,0,0,0,35 - 39,Celecoxib,Female,2.004106776180698,0
1,Eunomia GiBleed,1,1,0,1,2,8532,FEMALE,1963,2,2,732,438,1,1,1,1,50,83.39041095890411,35 - 39,Celecoxib,Female,1.1991786447638604,833.9041095890411
1,Eunomia GiBleed,1,1,0,1,2,8532,FEMALE,1964,1,1,366,366,0,0,0,0,0,0,35 - 39,Celecoxib,Female,1.002053388090349,0
1,Eunomia GiBleed,1,1,0,1,2,8532,FEMALE,1965,1,1,366,27,1,1,1,1,100,1352.7777777777778,35 - 39,Celecoxib,Female,0.07392197125256673,13527.777777777777
1,Eunomia GiBleed,1,1,0,1,2,8532,FEMALE,1966,1,1,366,50,1,1,1,1,100,730.5,35 - 39,Celecoxib,Female,0.13689253935660506,7305
1,Eunomia GiBleed,1,1,0,1,2,8532,FEMALE,1968,2,2,732,98,2,2,2,2,100,745.4081632653061,35 - 39,Celecoxib,Female,0.2683093771389459,7454.081632653061
1,Eunomia GiBleed,1,1,0,1,2,8532,FEMALE,1969,1,1,366,366,0,0,0,0,0,0,35 - 39,Celecoxib,Female,1.002053388090349,0
1,Eunomia GiBleed,1,1,0,1,2,8532,FEMALE,1970,1,1,366,366,0,0,0,0,0,0,35 - 39,Celecoxib,Female,1.002053388090349,0
1,Eunomia GiBleed,1,1,0,1,2,8532,FEMALE,1971,1,1,366,366,0,0,0,0,0,0,35 - 39,Celecoxib,Female,1.002053388090349,0
1,Eunomia GiBleed,1,1,0,1,2,8532,FEMALE,1972,3,3,1098,452,2,2,2,2,66.66666666666667,161.6150442477876,35 - 39,Celecoxib,Female,1.2375085557837098,1616.1504424778761
1,Eunomia GiBleed,1,1,0,1,2,8532,FEMALE,1973,4,4,1464,1464,0,0,0,0,0,0,35 - 39,Celecoxib,Female,4.008213552361396,0
1,Eunomia GiBleed,1,1,0,1,2,8532,FEMALE,1974,2,2,732,114,2,2,2,2,100,640.7894736842105,35 - 39,Celecoxib,Female,0.31211498973305957,6407.894736842105
1,Eunomia GiBleed,1,1,0,1,2,8532,FEMALE,1975,1,1,366,366,0,0,0,0,0,0,35 - 39,Celecoxib,Female,1.002053388090349,0
1,Eunomia GiBleed,1,1,0,1,2,8532,FEMALE,1976,3,3,1098,472,2,2,2,2,66.66666666666667,154.76694915254237,35 - 39,Celecoxib,Female,1.2922655715263518,1547.6694915254238
1,Eunomia GiBleed,1,1,0,1,2,8532,FEMALE,1978,6,6,2196,2196,0,0,0,0,0,0,35 - 39,Celecoxib,Female,6.012320328542095,0
1,Eunomia GiBleed,1,1,0,1,2,8532,FEMALE,1979,2,2,732,732,0,0,0,0,0,0,35 - 39,Celecoxib,Female,2.004106776180698,0
1,Eunomia GiBleed,1,1,0,1,2,8532,FEMALE,1980,5,5,1830,1228,2,2,2,2,40,59.48697068403909,35 - 39,Celecoxib,Female,3.36208076659822,594.8697068403909
1,Eunomia GiBleed,1,1,0,1,2,8532,FEMALE,1981,5,5,1830,1830,0,0,0,0,0,0,35 - 39,Celecoxib,Female,5.0102669404517455,0
1,Eunomia GiBleed,1,1,0,1,2,8532,FEMALE,1982,1,1,366,16,1,1,1,1,100,2282.8125,35 - 39,Celecoxib,Female,0.04380561259411362,22828.125
1,Eunomia GiBleed,1,1,0,1,2,8532,FEMALE,1983,5,5,1830,1830,0,0,0,0,0,0,35 - 39,Celecoxib,Female,5.0102669404517455,0
1,Eunomia GiBleed,1,1,0,1,2,8532,FEMALE,1984,9,9,3294,2947,1,1,1,1,11.11111111111111,12.393959959280624,35 - 39,Celecoxib,Female,8.068446269678303,123.93959959280625
1,Eunomia GiBleed,1,1,0,1,2,8532,FEMALE,1985,7,7,2562,2256,1,1,1,1,14.285714285714286,16.190159574468083,35 - 39,Celecoxib,Female,6.176591375770021,161.90159574468086
1,Eunomia GiBleed,1,1,0,1,2,8532,FEMALE,1986,3,3,1098,753,1,1,1,1,33.333333333333336,48.50597609561753,35 - 39,Celecoxib,Female,2.0616016427104724,485.05976095617524
1,Eunomia GiBleed,1,1,0,1,2,8532,FEMALE,1987,7,7,2562,1260,4,4,4,4,57.142857142857146,115.95238095238095,35 - 39,Celecoxib,Female,3.4496919917864477,1159.5238095238094
1,Eunomia GiBleed,1,1,0,1,2,8532,FEMALE,1988,8,8,2928,2260,2,2,2,2,25,32.323008849557525,35 - 39,Celecoxib,Female,6.187542778918549,323.2300884955752
1,Eunomia GiBleed,1,1,0,1,2,8532,FEMALE,1989,10,10,3660,3366,1,1,1,1,10,10.851158645276293,35 - 39,Celecoxib,Female,9.215605749486652,108.51158645276293
1,Eunomia GiBleed,1,1,0,1,2,8532,FEMALE,1990,8,8,2928,2006,3,3,3,3,37.5,54.62362911266201,35 - 39,Celecoxib,Female,5.492128678986996,546.2362911266201
1,Eunomia GiBleed,1,1,0,1,2,8532,FEMALE,1991,6,6,2196,1870,1,1,1,1,16.666666666666668,19.53208556149733,35 - 39,Celecoxib,Female,5.119780971937029,195.32085561497328
1,Eunomia GiBleed,1,1,0,1,2,8532,FEMALE,1992,11,11,4026,3686,1,1,1,1,9.090909090909092,9.909115572436246,35 - 39,Celecoxib,Female,10.091718001368925,99.09115572436247
1,Eunomia GiBleed,1,1,0,1,2,8532,FEMALE,1993,8,8,2928,2928,0,0,0,0,0,0,35 - 39,Celecoxib,Female,8.016427104722792,0
1,Eunomia GiBleed,1,1,0,1,2,8532,FEMALE,1994,4,4,1464,1185,1,1,1,1,25,30.822784810126585,35 - 39,Celecoxib,Female,3.24435318275154,308.2278481012658
1,Eunomia GiBleed,1,1,0,1,2,8532,FEMALE,1995,7,7,2562,1319,4,4,4,4,57.142857142857146,110.76573161485975,35 - 39,Celecoxib,Female,3.6112251882272415,1107.6573161485974
1,Eunomia GiBleed,1,1,0,1,2,8532,FEMALE,1996,10,10,3660,3333,1,1,1,1,10,10.958595859585959,35 - 39,Celecoxib,Female,9.125256673511293,109.5859585958596
1,Eunomia GiBleed,1,1,0,1,2,8532,FEMALE,1997,12,12,4392,3467,3,3,3,3,25,31.605134121719065,35 - 39,Celecoxib,Female,9.492128678986996,316.05134121719067
1,Eunomia GiBleed,1,1,0,1,2,8532,FEMALE,1998,9,9,3294,2371,3,3,3,3,33.333333333333336,46.214677351328554,35 - 39,Celecoxib,Female,6.491444216290212,462.14677351328555
1,Eunomia GiBleed,1,1,0,1,2,8532,FEMALE,1999,5,5,1830,1474,1,1,1,1,20,24.77951153324288,35 - 39,Celecoxib,Female,4.035592060232717,247.7951153324288
1,Eunomia GiBleed,1,1,0,1,2,8532,FEMALE,2000,13,13,4758,3171,5,5,5,5,38.46153846153846,57.592242194891206,35 - 39,Celecoxib,Female,8.681724845995893,575.9224219489121
1,Eunomia GiBleed,1,1,0,1,2,8532,FEMALE,2001,15,15,5490,4470,3,3,3,3,20,24.51342281879195,35 - 39,Celecoxib,Female,12.238193018480493,245.13422818791946
1,Eunomia GiBleed,1,1,0,1,2,8532,FEMALE,2002,14,14,5124,4102,3,3,3,3,21.428571428571427,26.712579229644078,35 - 39,Celecoxib,Female,11.23066392881588,267.12579229644075
1,Eunomia GiBleed,1,1,0,1,2,8532,FEMALE,2003,5,5,1830,1504,1,1,1,1,20,24.285239361702125,35 - 39,Celecoxib,Female,4.117727583846681,242.85239361702125
1,Eunomia GiBleed,1,1,0,1,2,8532,FEMALE,2004,18,18,6588,6588,0,0,0,0,0,0,35 - 39,Celecoxib,Female,18.036960985626283,0
1,Eunomia GiBleed,1,1,0,1,2,8532,FEMALE,2005,7,7,2562,1273,4,4,4,4,57.142857142857146,114.76826394344069,35 - 39,Celecoxib,Female,3.485284052019165,1147.6826394344068
1,Eunomia GiBleed,1,1,0,1,2,8532,FEMALE,2006,14,14,5124,4787,1,1,1,1,7.142857142857143,7.630039690829329,35 - 39,Celecoxib,Female,13.10609171800137,76.3003969082933
1,Eunomia GiBleed,1,1,0,1,2,8532,FEMALE,2007,10,10,3660,2971,2,2,2,2,20,24.587680915516664,35 - 39,Celecoxib,Female,8.134154688569472,245.87680915516663
1,Eunomia GiBleed,1,1,0,1,2,8532,FEMALE,2008,12,12,4392,3073,4,4,4,4,33.333333333333336,47.543117474780345,35 - 39,Celecoxib,Female,8.413415468856947,475.4311747478035
1,Eunomia GiBleed,1,1,0,1,2,8532,FEMALE,2009,19,19,6954,6655,1,1,1,1,5.2631578947368425,5.488354620586026,35 - 39,Celecoxib,Female,18.220396988364133,54.88354620586026
1,Eunomia GiBleed,1,1,0,1,2,8532,FEMALE,2010,11,11,4026,3080,3,3,3,3,27.272727272727273,35.576298701298704,35 - 39,Celecoxib,Female,8.432580424366872,355.762987012987
1,Eunomia GiBleed,1,1,0,1,2,8532,FEMALE,2011,10,10,3660,3356,1,1,1,1,10,10.883492252681764,35 - 39,Celecoxib,Female,9.188227241615332,108.83492252681765
1,Eunomia GiBleed,1,1,0,1,2,8532,FEMALE,2012,11,11,4026,3719,1,1,1,1,9.090909090909092,9.82118849152998,35 - 39,Celecoxib,Female,10.182067077344286,98.2118849152998
1,Eunomia GiBleed,1,1,0,1,2,8532,FEMALE,2013,7,7,2562,2269,1,1,1,1,14.285714285714286,16.09739973556633,35 - 39,Celecoxib,Female,6.2121834360027375,160.9739973556633
1,Eunomia GiBleed,1,1,0,1,2,8532,FEMALE,2014,13,13,4758,3808,3,3,3,3,23.076923076923077,28.774947478991596,35 - 39,Celecoxib,Female,10.425735797399042,287.74947478991595
1,Eunomia GiBleed,1,1,0,1,2,8532,FEMALE,2015,9,9,3294,3294,0,0,0,0,0,0,35 - 39,Celecoxib,Female,9.018480492813142,0
1,Eunomia GiBleed,1,1,0,1,2,8532,FEMALE,2016,14,14,4823,4153,3,3,3,3,21.428571428571427,26.384541295449072,35 - 39,Celecoxib,Female,11.370294318959617,263.8454129544907
1,Eunomia GiBleed,1,1,0,1,2,8532,FEMALE,2017,13,13,3571,3174,3,3,3,3,23.076923076923077,34.5226843100189,35 - 39,Celecoxib,Female,8.68993839835729,345.226843100189
1,Eunomia GiBleed,1,1,0,1,2,8532,FEMALE,2018,3,3,430,429,1,1,1,1,33.333333333333336,85.13986013986013,35 - 39,Celecoxib,Female,1.1745379876796715,851.3986013986014
1,Eunomia GiBleed,1,1,0,1,2,8532,FEMALE,2019,3,3,111,107,3,3,3,3,100,1024.0654205607477,35 - 39,Celecoxib,Female,0.2929500342231348,10240.654205607478
1,Eunomia GiBleed,1,1,0,1,3,8507,MALE,1952,2,2,732,732,0,0,0,0,0,0,40 - 44,Celecoxib,Male,2.004106776180698,0
1,Eunomia GiBleed,1,1,0,1,3,8507,MALE,1953,2,2,732,732,0,0,0,0,0,0,40 - 44,Celecoxib,Male,2.004106776180698,0
1,Eunomia GiBleed,1,1,0,1,3,8507,MALE,1954,1,1,366,366,0,0,0,0,0,0,40 - 44,Celecoxib,Male,1.002053388090349,0
1,Eunomia GiBleed,1,1,0,1,3,8507,MALE,1957,2,2,732,98,2,2,2,2,100,745.4081632653061,40 - 44,Celecoxib,Male,0.2683093771389459,7454.081632653061
1,Eunomia GiBleed,1,1,0,1,3,8507,MALE,1958,1,1,366,366,0,0,0,0,0,0,40 - 44,Celecoxib,Male,1.002053388090349,0
1,Eunomia GiBleed,1,1,0,1,3,8507,MALE,1959,1,1,366,366,0,0,0,0,0,0,40 - 44,Celecoxib,Male,1.002053388090349,0
1,Eunomia GiBleed,1,1,0,1,3,8507,MALE,1961,1,1,366,366,0,0,0,0,0,0,40 - 44,Celecoxib,Male,1.002053388090349,0
1,Eunomia GiBleed,1,1,0,1,3,8507,MALE,1962,2,2,732,448,1,1,1,1,50,81.52901785714286,40 - 44,Celecoxib,Male,1.2265571526351813,815.2901785714287
1,Eunomia GiBleed,1,1,0,1,3,8507,MALE,1963,4,4,1464,1464,0,0,0,0,0,0,40 - 44,Celecoxib,Male,4.008213552361396,0
1,Eunomia GiBleed,1,1,0,1,3,8507,MALE,1966,1,1,366,366,0,0,0,0,0,0,40 - 44,Celecoxib,Male,1.002053388090349,0
1,Eunomia GiBleed,1,1,0,1,3,8507,MALE,1968,1,1,366,366,0,0,0,0,0,0,40 - 44,Celecoxib,Male,1.002053388090349,0
1,Eunomia GiBleed,1,1,0,1,3,8507,MALE,1970,1,1,366,366,0,0,0,0,0,0,40 - 44,Celecoxib,Male,1.002053388090349,0
1,Eunomia GiBleed,1,1,0,1,3,8507,MALE,1972,3,3,1098,743,1,1,1,1,33.333333333333336,49.158815612382234,40 - 44,Celecoxib,Male,2.0342231348391513,491.58815612382233
1,Eunomia GiBleed,1,1,0,1,3,8507,MALE,1973,2,2,732,732,0,0,0,0,0,0,40 - 44,Celecoxib,Male,2.004106776180698,0
1,Eunomia GiBleed,1,1,0,1,3,8507,MALE,1975,2,2,732,408,1,1,1,1,50,89.52205882352942,40 - 44,Celecoxib,Male,1.1170431211498972,895.2205882352941
1,Eunomia GiBleed,1,1,0,1,3,8507,MALE,1976,2,2,732,732,0,0,0,0,0,0,40 - 44,Celecoxib,Male,2.004106776180698,0
1,Eunomia GiBleed,1,1,0,1,3,8507,MALE,1978,4,4,1464,1161,1,1,1,1,25,31.45994832041344,40 - 44,Celecoxib,Male,3.1786447638603694,314.5994832041344
1,Eunomia GiBleed,1,1,0,1,3,8507,MALE,1979,3,3,1098,1098,0,0,0,0,0,0,40 - 44,Celecoxib,Male,3.0061601642710474,0
1,Eunomia GiBleed,1,1,0,1,3,8507,MALE,1980,3,3,1098,808,1,1,1,1,33.333333333333336,45.20420792079208,40 - 44,Celecoxib,Male,2.212183436002738,452.0420792079208
1,Eunomia GiBleed,1,1,0,1,3,8507,MALE,1981,2,2,732,732,0,0,0,0,0,0,40 - 44,Celecoxib,Male,2.004106776180698,0
1,Eunomia GiBleed,1,1,0,1,3,8507,MALE,1982,6,6,2196,1604,2,2,2,2,33.333333333333336,45.542394014962596,40 - 44,Celecoxib,Male,4.39151266255989,455.423940149626
1,Eunomia GiBleed,1,1,0,1,3,8507,MALE,1983,3,3,1098,1098,0,0,0,0,0,0,40 - 44,Celecoxib,Male,3.0061601642710474,0
1,Eunomia GiBleed,1,1,0,1,3,8507,MALE,1984,5,5,1830,1830,0,0,0,0,0,0,40 - 44,Celecoxib,Male,5.0102669404517455,0
1,Eunomia GiBleed,1,1,0,1,3,8507,MALE,1985,9,9,3294,2416,3,3,3,3,33.333333333333336,45.35389072847682,40 - 44,Celecoxib,Male,6.614647501711157,453.5389072847682
1,Eunomia GiBleed,1,1,0,1,3,8507,MALE,1986,7,7,2562,2241,1,1,1,1,14.285714285714286,16.29852744310576,40 - 44,Celecoxib,Male,6.135523613963039,162.98527443105758
1,Eunomia GiBleed,1,1,0,1,3,8507,MALE,1987,4,4,1464,1165,1,1,1,1,25,31.3519313304721,40 - 44,Celecoxib,Male,3.189596167008898,313.51931330472104
1,Eunomia GiBleed,1,1,0,1,3,8507,MALE,1988,2,2,732,431,1,1,1,1,50,84.74477958236659,40 - 44,Celecoxib,Male,1.1800136892539357,847.4477958236658
1,Eunomia GiBleed,1,1,0,1,3,8507,MALE,1989,4,4,1464,1464,0,0,0,0,0,0,40 - 44,Celecoxib,Male,4.008213552361396,0
1,Eunomia GiBleed,1,1,0,1,3,8507,MALE,1990,8,8,2928,2578,1,1,1,1,12.5,14.167959658650117,40 - 44,Celecoxib,Male,7.058179329226557,141.67959658650116
1,Eunomia GiBleed,1,1,0,1,3,8507,MALE,1991,7,7,2562,2562,0,0,0,0,0,0,40 - 44,Celecoxib,Male,7.014373716632443,0
1,Eunomia GiBleed,1,1,0,1,3,8507,MALE,1992,5,5,1830,903,3,3,3,3,60,121.34551495016612,40 - 44,Celecoxib,Male,2.4722792607802875,1213.455149501661
1,Eunomia GiBleed,1,1,0,1,3,8507,MALE,1993,7,7,2562,2562,0,0,0,0,0,0,40 - 44,Celecoxib,Male,7.014373716632443,0
1,Eunomia GiBleed,1,1,0,1,3,8507,MALE,1994,6,6,2196,1271,3,3,3,3,50,86.21164437450825,40 - 44,Celecoxib,Male,3.479808350444901,862.1164437450826
1,Eunomia GiBleed,1,1,0,1,3,8507,MALE,1995,12,12,4392,3221,4,4,4,4,33.333333333333336,45.35858429059299,40 - 44,Celecoxib,Male,8.818617385352498,453.58584290592984
1,Eunomia GiBleed,1,1,0,1,3,8507,MALE,1996,4,4,1464,1464,0,0,0,0,0,0,40 - 44,Celecoxib,Male,4.008213552361396,0
1,Eunomia GiBleed,1,1,0,1,3,8507,MALE,1997,9,9,3294,2623,2,2,2,2,22.22222222222222,27.849790316431566,40 - 44,Celecoxib,Male,7.181382614647502,278.4979031643157
1,Eunomia GiBleed,1,1,0,1,3,8507,MALE,1998,5,5,1830,1168,2,2,2,2,40,62.542808219178085,40 - 44,Celecoxib,Male,3.1978097193702943,625.4280821917808
1,Eunomia GiBleed,1,1,0,1,3,8507,MALE,1999,6,6,2196,1852,1,1,1,1,16.666666666666668,19.721922246220302,40 - 44,Celecoxib,Male,5.070499657768652,197.21922246220302
1,Eunomia GiBleed,1,1,0,1,3,8507,MALE,2000,12,12,4392,3786,2,2,2,2,16.666666666666668,19.29477020602219,40 - 44,Celecoxib,Male,10.365503080082135,192.94770206022187
1,Eunomia GiBleed,1,1,0,1,3,8507,MALE,2001,7,7,2562,1855,2,2,2,2,28.571428571428573,39.38005390835579,40 - 44,Celecoxib,Male,5.078713210130048,393.80053908355796
1,Eunomia GiBleed,1,1,0,1,3,8507,MALE,2002,18,18,6588,5598,3,3,3,3,16.666666666666668,19.57395498392283,40 - 44,Celecoxib,Male,15.326488706365502,195.73954983922832
1,Eunomia GiBleed,1,1,0,1,3,8507,MALE,2003,7,7,2562,2277,1,1,1,1,14.285714285714286,16.040843214756258,40 - 44,Celecoxib,Male,6.234086242299795,160.40843214756256
1,Eunomia GiBleed,1,1,0,1,3,8507,MALE,2004,8,8,2928,2235,2,2,2,2,25,32.68456375838926,40 - 44,Celecoxib,Male,6.119096509240246,326.8456375838926
1,Eunomia GiBleed,1,1,0,1,3,8507,MALE,2005,12,12,4392,3795,2,2,2,2,16.666666666666668,19.249011857707508,40 - 44,Celecoxib,Male,10.390143737166325,192.4901185770751
1,Eunomia GiBleed,1,1,0,1,3,8507,MALE,2006,8,8,2928,2323,2,2,2,2,25,31.446405510116232,40 - 44,Celecoxib,Male,6.360027378507871,314.46405510116233
1,Eunomia GiBleed,1,1,0,1,3,8507,MALE,2007,9,9,3294,2943,1,1,1,1,11.11111111111111,12.410805300713557,40 - 44,Celecoxib,Male,8.057494866529774,124.10805300713557
1,Eunomia GiBleed,1,1,0,1,3,8507,MALE,2008,10,10,3660,3042,2,2,2,2,20,24.0138067061144,40 - 44,Celecoxib,Male,8.328542094455852,240.138067061144
1,Eunomia GiBleed,1,1,0,1,3,8507,MALE,2009,8,8,2928,2610,1,1,1,1,12.5,13.99425287356322,40 - 44,Celecoxib,Male,7.145790554414784,139.94252873563218
1,Eunomia GiBleed,1,1,0,1,3,8507,MALE,2010,10,10,3660,3311,1,1,1,1,10,11.0314104500151,40 - 44,Celecoxib,Male,9.065023956194388,110.314104500151
1,Eunomia GiBleed,1,1,0,1,3,8507,MALE,2011,8,8,2928,2595,1,1,1,1,12.5,14.075144508670519,40 - 44,Celecoxib,Male,7.104722792607803,140.7514450867052
1,Eunomia GiBleed,1,1,0,1,3,8507,MALE,2012,13,13,4758,3799,3,3,3,3,23.076923076923077,28.843116609634116,40 - 44,Celecoxib,Male,10.401095140314853,288.43116609634114
1,Eunomia GiBleed,1,1,0,1,3,8507,MALE,2013,6,6,2196,1590,2,2,2,2,33.333333333333336,45.943396226415096,40 - 44,Celecoxib,Male,4.353182751540041,459.4339622641509
1,Eunomia GiBleed,1,1,0,1,3,8507,MALE,2014,12,12,4392,3456,3,3,3,3,25,31.705729166666668,40 - 44,Celecoxib,Male,9.462012320328542,317.0572916666667
1,Eunomia GiBleed,1,1,0,1,3,8507,MALE,2015,8,8,2928,1656,4,4,4,4,50,88.22463768115942,40 - 44,Celecoxib,Male,4.5338809034907595,882.2463768115942
1,Eunomia GiBleed,1,1,0,1,3,8507,MALE,2016,5,5,1830,1176,2,2,2,2,40,62.117346938775505,40 - 44,Celecoxib,Male,3.2197125256673513,621.1734693877551
1,Eunomia GiBleed,1,1,0,1,3,8507,MALE,2017,9,9,3011,2148,3,3,3,3,33.333333333333336,51.012569832402235,40 - 44,Celecoxib,Male,5.880903490759754,510.1256983240223
1,Eunomia GiBleed,1,1,0,1,3,8507,MALE,2018,7,7,1006,910,3,3,3,3,42.857142857142854,120.4120879120879,40 - 44,Celecoxib,Male,2.4914442162902124,1204.120879120879
1,Eunomia GiBleed,1,1,0,1,3,8507,MALE,2019,1,1,76,76,0,0,0,0,0,0,40 - 44,Celecoxib,Male,0.2080766598220397,0
1,Eunomia GiBleed,1,1,0,1,3,8532,FEMALE,1949,1,1,366,366,0,0,0,0,0,0,40 - 44,Celecoxib,Female,1.002053388090349,0
1,Eunomia GiBleed,1,1,0,1,3,8532,FEMALE,1950,2,2,732,732,0,0,0,0,0,0,40 - 44,Celecoxib,Female,2.004106776180698,0
1,Eunomia GiBleed,1,1,0,1,3,8532,FEMALE,1952,1,1,366,366,0,0,0,0,0,0,40 - 44,Celecoxib,Female,1.002053388090349,0
1,Eunomia GiBleed,1,1,0,1,3,8532,FEMALE,1953,3,3,1098,785,1,1,1,1,33.333333333333336,46.52866242038217,40 - 44,Celecoxib,Female,2.1492128678986995,465.28662420382165
1,Eunomia GiBleed,1,1,0,1,3,8532,FEMALE,1954,1,1,366,366,0,0,0,0,0,0,40 - 44,Celecoxib,Female,1.002053388090349,0
1,Eunomia GiBleed,1,1,0,1,3,8532,FEMALE,1955,2,2,732,418,1,1,1,1,50,87.38038277511961,40 - 44,Celecoxib,Female,1.1444216290212184,873.8038277511962
1,Eunomia GiBleed,1,1,0,1,3,8532,FEMALE,1956,1,1,366,366,0,0,0,0,0,0,40 - 44,Celecoxib,Female,1.002053388090349,0
1,Eunomia GiBleed,1,1,0,1,3,8532,FEMALE,1958,1,1,366,84,1,1,1,1,100,434.82142857142856,40 - 44,Celecoxib,Female,0.2299794661190965,4348.214285714286
1,Eunomia GiBleed,1,1,0,1,3,8532,FEMALE,1959,1,1,366,366,0,0,0,0,0,0,40 - 44,Celecoxib,Female,1.002053388090349,0
1,Eunomia GiBleed,1,1,0,1,3,8532,FEMALE,1963,2,2,732,449,1,1,1,1,50,81.34743875278396,40 - 44,Celecoxib,Female,1.2292950034223136,813.4743875278396
1,Eunomia GiBleed,1,1,0,1,3,8532,FEMALE,1964,1,1,366,366,0,0,0,0,0,0,40 - 44,Celecoxib,Female,1.002053388090349,0
1,Eunomia GiBleed,1,1,0,1,3,8532,FEMALE,1966,1,1,366,366,0,0,0,0,0,0,40 - 44,Celecoxib,Female,1.002053388090349,0
1,Eunomia GiBleed,1,1,0,1,3,8532,FEMALE,1970,1,1,366,366,0,0,0,0,0,0,40 - 44,Celecoxib,Female,1.002053388090349,0
1,Eunomia GiBleed,1,1,0,1,3,8532,FEMALE,1971,2,2,732,732,0,0,0,0,0,0,40 - 44,Celecoxib,Female,2.004106776180698,0
1,Eunomia GiBleed,1,1,0,1,3,8532,FEMALE,1973,2,2,732,732,0,0,0,0,0,0,40 - 44,Celecoxib,Female,2.004106776180698,0
1,Eunomia GiBleed,1,1,0,1,3,8532,FEMALE,1974,2,2,732,394,1,1,1,1,50,92.70304568527919,40 - 44,Celecoxib,Female,1.0787132101300478,927.030456852792
1,Eunomia GiBleed,1,1,0,1,3,8532,FEMALE,1975,2,2,732,732,0,0,0,0,0,0,40 - 44,Celecoxib,Female,2.004106776180698,0
1,Eunomia GiBleed,1,1,0,1,3,8532,FEMALE,1976,4,4,1464,1464,0,0,0,0,0,0,40 - 44,Celecoxib,Female,4.008213552361396,0
1,Eunomia GiBleed,1,1,0,1,3,8532,FEMALE,1977,3,3,1098,1098,0,0,0,0,0,0,40 - 44,Celecoxib,Female,3.0061601642710474,0
1,Eunomia GiBleed,1,1,0,1,3,8532,FEMALE,1978,5,5,1830,1830,0,0,0,0,0,0,40 - 44,Celecoxib,Female,5.0102669404517455,0
1,Eunomia GiBleed,1,1,0,1,3,8532,FEMALE,1979,5,5,1830,1830,0,0,0,0,0,0,40 - 44,Celecoxib,Female,5.0102669404517455,0
1,Eunomia GiBleed,1,1,0,1,3,8532,FEMALE,1980,1,1,366,366,0,0,0,0,0,0,40 - 44,Celecoxib,Female,1.002053388090349,0
1,Eunomia GiBleed,1,1,0,1,3,8532,FEMALE,1981,7,7,2562,2243,1,1,1,1,14.285714285714286,16.283994650022294,40 - 44,Celecoxib,Female,6.140999315537303,162.83994650022294
1,Eunomia GiBleed,1,1,0,1,3,8532,FEMALE,1982,4,4,1464,1146,1,1,1,1,25,31.8717277486911,40 - 44,Celecoxib,Female,3.137577002053388,318.71727748691103
1,Eunomia GiBleed,1,1,0,1,3,8532,FEMALE,1983,2,2,732,732,0,0,0,0,0,0,40 - 44,Celecoxib,Female,2.004106776180698,0
1,Eunomia GiBleed,1,1,0,1,3,8532,FEMALE,1984,5,5,1830,1553,1,1,1,1,20,23.51899549259498,40 - 44,Celecoxib,Female,4.251882272416153,235.1899549259498
1,Eunomia GiBleed,1,1,0,1,3,8532,FEMALE,1985,2,2,732,456,1,1,1,1,50,80.09868421052632,40 - 44,Celecoxib,Female,1.2484599589322383,800.9868421052631
1,Eunomia GiBleed,1,1,0,1,3,8532,FEMALE,1986,2,2,732,385,1,1,1,1,50,94.87012987012987,40 - 44,Celecoxib,Female,1.054072553045859,948.7012987012987
1,Eunomia GiBleed,1,1,0,1,3,8532,FEMALE,1987,8,8,2928,2252,2,2,2,2,25,32.43783303730017,40 - 44,Celecoxib,Female,6.165639972621492,324.37833037300175
1,Eunomia GiBleed,1,1,0,1,3,8532,FEMALE,1988,3,3,1098,1098,0,0,0,0,0,0,40 - 44,Celecoxib,Female,3.0061601642710474,0
1,Eunomia GiBleed,1,1,0,1,3,8532,FEMALE,1989,5,5,1830,1481,1,1,1,1,20,24.66239027683997,40 - 44,Celecoxib,Female,4.054757015742642,246.62390276839972
1,Eunomia GiBleed,1,1,0,1,3,8532,FEMALE,1990,5,5,1830,1830,0,0,0,0,0,0,40 - 44,Celecoxib,Female,5.0102669404517455,0
1,Eunomia GiBleed,1,1,0,1,3,8532,FEMALE,1991,5,5,1830,1546,1,1,1,1,20,23.625485122897803,40 - 44,Celecoxib,Female,4.232717316906228,236.25485122897803
1,Eunomia GiBleed,1,1,0,1,3,8532,FEMALE,1992,9,9,3294,2626,2,2,2,2,22.22222222222222,27.817974105102817,40 - 44,Celecoxib,Female,7.189596167008898,278.1797410510282
1,Eunomia GiBleed,1,1,0,1,3,8532,FEMALE,1993,8,8,2928,2619,1,1,1,1,12.5,13.946162657502862,40 - 44,Celecoxib,Female,7.170431211498974,139.46162657502862
1,Eunomia GiBleed,1,1,0,1,3,8532,FEMALE,1994,7,7,2562,2562,0,0,0,0,0,0,40 - 44,Celecoxib,Female,7.014373716632443,0
1,Eunomia GiBleed,1,1,0,1,3,8532,FEMALE,1995,12,12,4392,4392,0,0,0,0,0,0,40 - 44,Celecoxib,Female,12.02464065708419,0
1,Eunomia GiBleed,1,1,0,1,3,8532,FEMALE,1996,7,7,2562,2284,1,1,1,1,14.285714285714286,15.99168126094571,40 - 44,Celecoxib,Female,6.253251197809719,159.91681260945708
1,Eunomia GiBleed,1,1,0,1,3,8532,FEMALE,1997,16,16,5856,4288,5,5,5,5,31.25,42.589785447761194,40 - 44,Celecoxib,Female,11.739904175222451,425.89785447761193
1,Eunomia GiBleed,1,1,0,1,3,8532,FEMALE,1998,9,9,3294,2998,1,1,1,1,11.11111111111111,12.183122081387593,40 - 44,Celecoxib,Female,8.208076659822039,121.83122081387593
1,Eunomia GiBleed,1,1,0,1,3,8532,FEMALE,1999,4,4,1464,794,2,2,2,2,50,92.00251889168766,40 - 44,Celecoxib,Female,2.1738535249828885,920.0251889168766
1,Eunomia GiBleed,1,1,0,1,3,8532,FEMALE,2000,8,8,2928,2631,1,1,1,1,12.5,13.882554161915621,40 - 44,Celecoxib,Female,7.2032854209445585,138.8255416191562
1,Eunomia GiBleed,1,1,0,1,3,8532,FEMALE,2001,14,14,5124,4442,2,2,2,2,14.285714285714286,16.44529491220171,40 - 44,Celecoxib,Female,12.161533196440795,164.4529491220171
1,Eunomia GiBleed,1,1,0,1,3,8532,FEMALE,2002,7,7,2562,1936,2,2,2,2,28.571428571428573,37.732438016528924,40 - 44,Celecoxib,Female,5.300479123887748,377.32438016528926
1,Eunomia GiBleed,1,1,0,1,3,8532,FEMALE,2003,14,14,5124,4538,2,2,2,2,14.285714285714286,16.09739973556633,40 - 44,Celecoxib,Female,12.424366872005475,160.9739973556633
1,Eunomia GiBleed,1,1,0,1,3,8532,FEMALE,2004,9,9,3294,3294,0,0,0,0,0,0,40 - 44,Celecoxib,Female,9.018480492813142,0
1,Eunomia GiBleed,1,1,0,1,3,8532,FEMALE,2005,9,9,3294,3009,1,1,1,1,11.11111111111111,12.138584247258226,40 - 44,Celecoxib,Female,8.238193018480493,121.38584247258225
1,Eunomia GiBleed,1,1,0,1,3,8532,FEMALE,2006,6,6,2196,1916,1,1,1,1,16.666666666666668,19.063152400835072,40 - 44,Celecoxib,Female,5.245722108145106,190.63152400835074
1,Eunomia GiBleed,1,1,0,1,3,8532,FEMALE,2007,6,6,2196,1601,2,2,2,2,33.333333333333336,45.62773266708307,40 - 44,Celecoxib,Female,4.383299110198494,456.27732667083075
1,Eunomia GiBleed,1,1,0,1,3,8532,FEMALE,2008,6,6,2196,1875,1,1,1,1,16.666666666666668,19.479999999999997,40 - 44,Celecoxib,Female,5.13347022587269,194.79999999999998
1,Eunomia GiBleed,1,1,0,1,3,8532,FEMALE,2009,6,6,2196,1845,1,1,1,1,16.666666666666668,19.796747967479675,40 - 44,Celecoxib,Female,5.0513347022587265,197.96747967479678
1,Eunomia GiBleed,1,1,0,1,3,8532,FEMALE,2010,7,7,2562,1543,3,3,3,3,42.857142857142854,71.01425793907971,40 - 44,Celecoxib,Female,4.224503764544832,710.1425793907972
1,Eunomia GiBleed,1,1,0,1,3,8532,FEMALE,2011,9,9,3294,3294,0,0,0,0,0,0,40 - 44,Celecoxib,Female,9.018480492813142,0
1,Eunomia GiBleed,1,1,0,1,3,8532,FEMALE,2012,12,12,4392,3384,3,3,3,3,25,32.38031914893617,40 - 44,Celecoxib,Female,9.264887063655031,323.80319148936167
1,Eunomia GiBleed,1,1,0,1,3,8532,FEMALE,2013,10,10,3660,2632,3,3,3,3,30,41.631838905775076,40 - 44,Celecoxib,Female,7.2060232717316905,416.3183890577508
1,Eunomia GiBleed,1,1,0,1,3,8532,FEMALE,2014,14,14,5124,4808,1,1,1,1,7.142857142857143,7.596713810316141,40 - 44,Celecoxib,Female,13.163586584531142,75.9671381031614
1,Eunomia GiBleed,1,1,0,1,3,8532,FEMALE,2015,7,7,2562,1989,2,2,2,2,28.571428571428573,36.72699849170437,40 - 44,Celecoxib,Female,5.44558521560575,367.26998491704376
1,Eunomia GiBleed,1,1,0,1,3,8532,FEMALE,2016,9,9,3246,2941,1,1,1,1,11.11111111111111,12.419245154709282,40 - 44,Celecoxib,Female,8.05201916495551,124.19245154709282
1,Eunomia GiBleed,1,1,0,1,3,8532,FEMALE,2017,10,10,3359,2302,4,4,4,4,40,63.46655082536924,40 - 44,Celecoxib,Female,6.3025325119780975,634.6655082536925
1,Eunomia GiBleed,1,1,0,1,3,8532,FEMALE,2018,6,6,751,544,2,2,2,2,33.333333333333336,134.28308823529412,40 - 44,Celecoxib,Female,1.4893908281998631,1342.8308823529412
1,Eunomia GiBleed,1,1,0,1,4,8507,MALE,1957,1,1,366,366,0,0,0,0,0,0,>=45,Celecoxib,Male,1.002053388090349,0
1,Eunomia GiBleed,1,1,0,1,4,8507,MALE,1963,1,1,366,366,0,0,0,0,0,0,>=45,Celecoxib,Male,1.002053388090349,0
1,Eunomia GiBleed,1,1,0,1,4,8507,MALE,1983,2,2,732,732,0,0,0,0,0,0,>=45,Celecoxib,Male,2.004106776180698,0
1,Eunomia GiBleed,1,1,0,1,4,8507,MALE,1984,2,2,732,447,1,1,1,1,50,81.71140939597316,>=45,Celecoxib,Male,1.2238193018480492,817.1140939597316
1,Eunomia GiBleed,1,1,0,1,4,8507,MALE,1987,1,1,366,366,0,0,0,0,0,0,>=45,Celecoxib,Male,1.002053388090349,0
1,Eunomia GiBleed,1,1,0,1,4,8507,MALE,1991,2,2,732,732,0,0,0,0,0,0,>=45,Celecoxib,Male,2.004106776180698,0
1,Eunomia GiBleed,1,1,0,1,4,8507,MALE,1992,1,1,366,366,0,0,0,0,0,0,>=45,Celecoxib,Male,1.002053388090349,0
1,Eunomia GiBleed,1,1,0,1,4,8507,MALE,1995,1,1,366,83,1,1,1,1,100,440.06024096385545,>=45,Celecoxib,Male,0.2272416153319644,4400.6024096385545
1,Eunomia GiBleed,1,1,0,1,4,8507,MALE,1998,1,1,318,318,0,0,0,0,0,0,>=45,Celecoxib,Male,0.8706365503080082,0
1,Eunomia GiBleed,1,1,0,1,4,8507,MALE,1999,1,1,366,56,1,1,1,1,100,652.2321428571429,>=45,Celecoxib,Male,0.15331964407939766,6522.321428571429
1,Eunomia GiBleed,1,1,0,1,4,8507,MALE,2000,1,1,366,366,0,0,0,0,0,0,>=45,Celecoxib,Male,1.002053388090349,0
1,Eunomia GiBleed,1,1,0,1,4,8507,MALE,2001,1,1,366,89,1,1,1,1,100,410.3932584269663,>=45,Celecoxib,Male,0.243668720054757,4103.932584269663
1,Eunomia GiBleed,1,1,0,1,4,8507,MALE,2002,1,1,366,366,0,0,0,0,0,0,>=45,Celecoxib,Male,1.002053388090349,0
1,Eunomia GiBleed,1,1,0,1,4,8507,MALE,2004,1,1,366,366,0,0,0,0,0,0,>=45,Celecoxib,Male,1.002053388090349,0
1,Eunomia GiBleed,1,1,0,1,4,8507,MALE,2005,2,2,732,425,1,1,1,1,50,85.94117647058823,>=45,Celecoxib,Male,1.163586584531143,859.4117647058823
1,Eunomia GiBleed,1,1,0,1,4,8507,MALE,2006,2,2,732,732,0,0,0,0,0,0,>=45,Celecoxib,Male,2.004106776180698,0
1,Eunomia GiBleed,1,1,0,1,4,8507,MALE,2010,1,1,366,366,0,0,0,0,0,0,>=45,Celecoxib,Male,1.002053388090349,0
1,Eunomia GiBleed,1,1,0,1,4,8507,MALE,2011,2,2,732,424,1,1,1,1,50,86.1438679245283,>=45,Celecoxib,Male,1.160848733744011,861.438679245283
1,Eunomia GiBleed,1,1,0,1,4,8507,MALE,2014,3,3,1098,1098,0,0,0,0,0,0,>=45,Celecoxib,Male,3.0061601642710474,0
1,Eunomia GiBleed,1,1,0,1,4,8507,MALE,2015,1,1,366,366,0,0,0,0,0,0,>=45,Celecoxib,Male,1.002053388090349,0
1,Eunomia GiBleed,1,1,0,1,4,8507,MALE,2016,1,1,366,366,0,0,0,0,0,0,>=45,Celecoxib,Male,1.002053388090349,0
1,Eunomia GiBleed,1,1,0,1,4,8507,MALE,2017,1,1,350,350,0,0,0,0,0,0,>=45,Celecoxib,Male,0.9582477754962354,0
1,Eunomia GiBleed,1,1,0,1,4,8532,FEMALE,1959,1,1,366,366,0,0,0,0,0,0,>=45,Celecoxib,Female,1.002053388090349,0
1,Eunomia GiBleed,1,1,0,1,4,8532,FEMALE,1966,1,1,366,366,0,0,0,0,0,0,>=45,Celecoxib,Female,1.002053388090349,0
1,Eunomia GiBleed,1,1,0,1,4,8532,FEMALE,1975,2,2,732,132,2,2,2,2,100,553.4090909090909,>=45,Celecoxib,Female,0.3613963039014374,5534.090909090909
1,Eunomia GiBleed,1,1,0,1,4,8532,FEMALE,1981,2,2,732,732,0,0,0,0,0,0,>=45,Celecoxib,Female,2.004106776180698,0
1,Eunomia GiBleed,1,1,0,1,4,8532,FEMALE,1982,1,1,366,12,1,1,1,1,100,3043.75,>=45,Celecoxib,Female,0.03285420944558522,30437.5
1,Eunomia GiBleed,1,1,0,1,4,8532,FEMALE,1984,1,1,366,39,1,1,1,1,100,936.5384615384615,>=45,Celecoxib,Female,0.10677618069815195,9365.384615384615
1,Eunomia GiBleed,1,1,0,1,4,8532,FEMALE,1987,1,1,366,366,0,0,0,0,0,0,>=45,Celecoxib,Female,1.002053388090349,0
1,Eunomia GiBleed,1,1,0,1,4,8532,FEMALE,1992,1,1,366,366,0,0,0,0,0,0,>=45,Celecoxib,Female,1.002053388090349,0
1,Eunomia GiBleed,1,1,0,1,4,8532,FEMALE,1994,1,1,366,366,0,0,0,0,0,0,>=45,Celecoxib,Female,1.002053388090349,0
1,Eunomia GiBleed,1,1,0,1,4,8532,FEMALE,1995,2,2,732,732,0,0,0,0,0,0,>=45,Celecoxib,Female,2.004106776180698,0
1,Eunomia GiBleed,1,1,0,1,4,8532,FEMALE,1998,1,1,366,366,0,0,0,0,0,0,>=45,Celecoxib,Female,1.002053388090349,0
1,Eunomia GiBleed,1,1,0,1,4,8532,FEMALE,1999,2,2,732,732,0,0,0,0,0,0,>=45,Celecoxib,Female,2.004106776180698,0
1,Eunomia GiBleed,1,1,0,1,4,8532,FEMALE,2000,1,1,366,366,0,0,0,0,0,0,>=45,Celecoxib,Female,1.002053388090349,0
1,Eunomia GiBleed,1,1,0,1,4,8532,FEMALE,2001,2,2,732,732,0,0,0,0,0,0,>=45,Celecoxib,Female,2.004106776180698,0
1,Eunomia GiBleed,1,1,0,1,4,8532,FEMALE,2003,1,1,366,366,0,0,0,0,0,0,>=45,Celecoxib,Female,1.002053388090349,0
1,Eunomia GiBleed,1,1,0,1,4,8532,FEMALE,2004,2,2,732,732,0,0,0,0,0,0,>=45,Celecoxib,Female,2.004106776180698,0
1,Eunomia GiBleed,1,1,0,1,4,8532,FEMALE,2005,3,3,1098,1098,0,0,0,0,0,0,>=45,Celecoxib,Female,3.0061601642710474,0
1,Eunomia GiBleed,1,1,0,1,4,8532,FEMALE,2006,2,2,732,92,2,2,2,2,100,794.0217391304349,>=45,Celecoxib,Female,0.2518822724161533,7940.217391304349
1,Eunomia GiBleed,1,1,0,1,4,8532,FEMALE,2007,1,1,366,366,0,0,0,0,0,0,>=45,Celecoxib,Female,1.002053388090349,0
1,Eunomia GiBleed,1,1,0,1,4,8532,FEMALE,2008,3,3,1098,1098,0,0,0,0,0,0,>=45,Celecoxib,Female,3.0061601642710474,0
1,Eunomia GiBleed,1,1,0,1,4,8532,FEMALE,2009,2,2,732,431,1,1,1,1,50,84.74477958236659,>=45,Celecoxib,Female,1.1800136892539357,847.4477958236658
1,Eunomia GiBleed,1,1,0,1,4,8532,FEMALE,2010,1,1,366,366,0,0,0,0,0,0,>=45,Celecoxib,Female,1.002053388090349,0
1,Eunomia GiBleed,1,1,0,1,4,8532,FEMALE,2011,2,2,732,382,1,1,1,1,50,95.61518324607329,>=45,Celecoxib,Female,1.0458590006844628,956.1518324607329
1,Eunomia GiBleed,1,1,0,1,4,8532,FEMALE,2012,2,2,732,732,0,0,0,0,0,0,>=45,Celecoxib,Female,2.004106776180698,0
1,Eunomia GiBleed,1,1,0,1,4,8532,FEMALE,2015,2,2,732,732,0,0,0,0,0,0,>=45,Celecoxib,Female,2.004106776180698,0
1,Eunomia GiBleed,1,1,0,1,4,8532,FEMALE,2017,2,2,732,732,0,0,0,0,0,0,>=45,Celecoxib,Female,2.004106776180698,0
1,Eunomia GiBleed,1,1,0,1,NA,8507,MALE,NA,894,894,321979,267592,180,180,180,180,20.13422818791946,24.569120153068848,NA,Celecoxib,Male,732.6269678302533,245.6912015306885
1,Eunomia GiBleed,1,1,0,1,NA,8532,FEMALE,NA,906,906,326235,273197,175,175,175,175,19.315673289183223,23.39657829331947,NA,Celecoxib,Female,747.9726214921287,233.9657829331947
1,Eunomia GiBleed,1,1,0,1,NA,8507,MALE,1943,2,2,732,439,1,1,1,1,50,83.20045558086561,NA,Celecoxib,Male,1.2019164955509924,832.004555808656
1,Eunomia GiBleed,1,1,0,1,NA,8507,MALE,1945,2,2,732,732,0,0,0,0,0,0,NA,Celecoxib,Male,2.004106776180698,0
1,Eunomia GiBleed,1,1,0,1,NA,8507,MALE,1947,2,2,732,443,1,1,1,1,50,82.4492099322799,NA,Celecoxib,Male,1.212867898699521,824.492099322799
1,Eunomia GiBleed,1,1,0,1,NA,8507,MALE,1949,1,1,366,366,0,0,0,0,0,0,NA,Celecoxib,Male,1.002053388090349,0
1,Eunomia GiBleed,1,1,0,1,NA,8507,MALE,1950,4,4,1464,1175,1,1,1,1,25,31.085106382978726,NA,Celecoxib,Male,3.216974674880219,310.8510638297873
1,Eunomia GiBleed,1,1,0,1,NA,8507,MALE,1952,2,2,732,732,0,0,0,0,0,0,NA,Celecoxib,Male,2.004106776180698,0
1,Eunomia GiBleed,1,1,0,1,NA,8507,MALE,1953,4,4,1464,1464,0,0,0,0,0,0,NA,Celecoxib,Male,4.008213552361396,0
1,Eunomia GiBleed,1,1,0,1,NA,8507,MALE,1954,2,2,732,732,0,0,0,0,0,0,NA,Celecoxib,Male,2.004106776180698,0
1,Eunomia GiBleed,1,1,0,1,NA,8507,MALE,1956,1,1,366,366,0,0,0,0,0,0,NA,Celecoxib,Male,1.002053388090349,0
1,Eunomia GiBleed,1,1,0,1,NA,8507,MALE,1957,6,6,2196,910,4,4,4,4,66.66666666666667,160.54945054945054,NA,Celecoxib,Male,2.4914442162902124,1605.4945054945053
1,Eunomia GiBleed,1,1,0,1,NA,8507,MALE,1958,4,4,1464,1464,0,0,0,0,0,0,NA,Celecoxib,Male,4.008213552361396,0
1,Eunomia GiBleed,1,1,0,1,NA,8507,MALE,1959,2,2,732,732,0,0,0,0,0,0,NA,Celecoxib,Male,2.004106776180698,0
1,Eunomia GiBleed,1,1,0,1,NA,8507,MALE,1961,2,2,732,732,0,0,0,0,0,0,NA,Celecoxib,Male,2.004106776180698,0
1,Eunomia GiBleed,1,1,0,1,NA,8507,MALE,1962,4,4,1464,1180,1,1,1,1,25,30.953389830508474,NA,Celecoxib,Male,3.2306639288158796,309.53389830508473
1,Eunomia GiBleed,1,1,0,1,NA,8507,MALE,1963,6,6,2196,1868,1,1,1,1,16.666666666666668,19.552997858672377,NA,Celecoxib,Male,5.114305270362765,195.5299785867238
1,Eunomia GiBleed,1,1,0,1,NA,8507,MALE,1964,3,3,1098,1098,0,0,0,0,0,0,NA,Celecoxib,Male,3.0061601642710474,0
1,Eunomia GiBleed,1,1,0,1,NA,8507,MALE,1966,2,2,732,732,0,0,0,0,0,0,NA,Celecoxib,Male,2.004106776180698,0
1,Eunomia GiBleed,1,1,0,1,NA,8507,MALE,1967,1,1,366,366,0,0,0,0,0,0,NA,Celecoxib,Male,1.002053388090349,0
1,Eunomia GiBleed,1,1,0,1,NA,8507,MALE,1968,2,2,732,732,0,0,0,0,0,0,NA,Celecoxib,Male,2.004106776180698,0
1,Eunomia GiBleed,1,1,0,1,NA,8507,MALE,1969,1,1,366,51,1,1,1,1,100,716.1764705882354,NA,Celecoxib,Male,0.13963039014373715,7161.764705882353
1,Eunomia GiBleed,1,1,0,1,NA,8507,MALE,1970,4,4,1464,1104,1,1,1,1,25,33.08423913043478,NA,Celecoxib,Male,3.02258726899384,330.8423913043478
1,Eunomia GiBleed,1,1,0,1,NA,8507,MALE,1971,6,6,2196,1892,1,1,1,1,16.666666666666668,19.304968287526428,NA,Celecoxib,Male,5.1800136892539355,193.04968287526427
1,Eunomia GiBleed,1,1,0,1,NA,8507,MALE,1972,4,4,1464,1109,1,1,1,1,25,32.935076645626694,NA,Celecoxib,Male,3.0362765229295,329.3507664562669
1,Eunomia GiBleed,1,1,0,1,NA,8507,MALE,1973,8,8,2928,2928,0,0,0,0,0,0,NA,Celecoxib,Male,8.016427104722792,0
1,Eunomia GiBleed,1,1,0,1,NA,8507,MALE,1974,5,5,1830,1506,1,1,1,1,20,24.252988047808763,NA,Celecoxib,Male,4.123203285420945,242.52988047808762
1,Eunomia GiBleed,1,1,0,1,NA,8507,MALE,1975,5,5,1830,1218,2,2,2,2,40,59.97536945812808,NA,Celecoxib,Male,3.3347022587268995,599.7536945812808
1,Eunomia GiBleed,1,1,0,1,NA,8507,MALE,1976,5,5,1830,1830,0,0,0,0,0,0,NA,Celecoxib,Male,5.0102669404517455,0
1,Eunomia GiBleed,1,1,0,1,NA,8507,MALE,1977,5,5,1830,1491,1,1,1,1,20,24.49698189134809,NA,Celecoxib,Male,4.082135523613963,244.96981891348088
1,Eunomia GiBleed,1,1,0,1,NA,8507,MALE,1978,7,7,2562,1951,2,2,2,2,28.571428571428573,37.44233726294208,NA,Celecoxib,Male,5.341546885694729,374.42337262942084
1,Eunomia GiBleed,1,1,0,1,NA,8507,MALE,1979,9,9,3294,2411,3,3,3,3,33.333333333333336,45.44794690999585,NA,Celecoxib,Male,6.6009582477754964,454.4794690999585
1,Eunomia GiBleed,1,1,0,1,NA,8507,MALE,1980,11,11,4026,3124,3,3,3,3,27.272727272727273,35.07522407170294,NA,Celecoxib,Male,8.553045859000685,350.75224071702945
1,Eunomia GiBleed,1,1,0,1,NA,8507,MALE,1981,9,9,3294,2938,1,1,1,1,11.11111111111111,12.431926480599047,NA,Celecoxib,Male,8.043805612594113,124.31926480599047
1,Eunomia GiBleed,1,1,0,1,NA,8507,MALE,1982,10,10,3660,3068,2,2,2,2,20,23.810299869621904,NA,Celecoxib,Male,8.399726214921287,238.10299869621903
1,Eunomia GiBleed,1,1,0,1,NA,8507,MALE,1983,11,11,4026,4026,0,0,0,0,0,0,NA,Celecoxib,Male,11.02258726899384,0
1,Eunomia GiBleed,1,1,0,1,NA,8507,MALE,1984,16,16,5856,4582,4,4,4,4,25,31.885639458751637,NA,Celecoxib,Male,12.544832306639288,318.8563945875164
1,Eunomia GiBleed,1,1,0,1,NA,8507,MALE,1985,16,16,5856,4296,5,5,5,5,31.25,42.510474860335194,NA,Celecoxib,Male,11.761806981519507,425.10474860335194
1,Eunomia GiBleed,1,1,0,1,NA,8507,MALE,1986,19,19,6954,6633,1,1,1,1,5.2631578947368425,5.5065581184984165,NA,Celecoxib,Male,18.16016427104723,55.06558118498417
1,Eunomia GiBleed,1,1,0,1,NA,8507,MALE,1987,15,15,5490,4854,2,2,2,2,13.333333333333334,15.049443757725587,NA,Celecoxib,Male,13.289527720739219,150.49443757725587
1,Eunomia GiBleed,1,1,0,1,NA,8507,MALE,1988,11,11,4026,3134,3,3,3,3,27.272727272727273,34.96330567964263,NA,Celecoxib,Male,8.580424366872005,349.6330567964263
1,Eunomia GiBleed,1,1,0,1,NA,8507,MALE,1989,14,14,5124,4847,1,1,1,1,7.142857142857143,7.535589024138642,NA,Celecoxib,Male,13.270362765229295,75.35589024138642
1,Eunomia GiBleed,1,1,0,1,NA,8507,MALE,1990,19,19,6954,5724,4,4,4,4,21.05263157894737,25.52410901467505,NA,Celecoxib,Male,15.671457905544148,255.2410901467505
1,Eunomia GiBleed,1,1,0,1,NA,8507,MALE,1991,20,20,7320,6345,3,3,3,3,15,17.26950354609929,NA,Celecoxib,Male,17.371663244353183,172.6950354609929
1,Eunomia GiBleed,1,1,0,1,NA,8507,MALE,1992,17,17,6222,4950,4,4,4,4,23.529411764705884,29.515151515151516,NA,Celecoxib,Male,13.552361396303901,295.1515151515152
1,Eunomia GiBleed,1,1,0,1,NA,8507,MALE,1993,19,19,6954,6337,2,2,2,2,10.526315789473685,11.527536689285151,NA,Celecoxib,Male,17.349760438056126,115.27536689285151
1,Eunomia GiBleed,1,1,0,1,NA,8507,MALE,1994,14,14,5124,3543,5,5,5,5,35.714285714285715,51.545300592718036,NA,Celecoxib,Male,9.700205338809035,515.4530059271804
1,Eunomia GiBleed,1,1,0,1,NA,8507,MALE,1995,34,34,12444,9460,10,10,10,10,29.41176470588235,38.609936575052856,NA,Celecoxib,Male,25.900068446269678,386.09936575052853
1,Eunomia GiBleed,1,1,0,1,NA,8507,MALE,1996,17,17,6143,5656,2,2,2,2,11.764705882352942,12.915487977369166,NA,Celecoxib,Male,15.485284052019164,129.15487977369168
1,Eunomia GiBleed,1,1,0,1,NA,8507,MALE,1997,21,21,7686,6685,3,3,3,3,14.285714285714286,16.391174270755425,NA,Celecoxib,Male,18.302532511978097,163.91174270755423
1,Eunomia GiBleed,1,1,0,1,NA,8507,MALE,1998,15,15,5442,4194,4,4,4,4,26.666666666666668,34.83547925608011,NA,Celecoxib,Male,11.482546201232033,348.3547925608011
1,Eunomia GiBleed,1,1,0,1,NA,8507,MALE,1999,26,26,9516,7602,6,6,6,6,23.076923076923077,28.82794001578532,NA,Celecoxib,Male,20.813141683778234,288.2794001578532
1,Eunomia GiBleed,1,1,0,1,NA,8507,MALE,2000,26,26,9516,8282,4,4,4,4,15.384615384615385,17.640666505674957,NA,Celecoxib,Male,22.67488021902806,176.4066650567496
1,Eunomia GiBleed,1,1,0,1,NA,8507,MALE,2001,21,21,7686,5783,6,6,6,6,28.571428571428573,37.89555593982362,NA,Celecoxib,Male,15.832991101984941,378.95555939823623
1,Eunomia GiBleed,1,1,0,1,NA,8507,MALE,2002,35,35,12810,10865,6,6,6,6,17.142857142857142,20.170271514035893,NA,Celecoxib,Male,29.746748802190282,201.70271514035895
1,Eunomia GiBleed,1,1,0,1,NA,8507,MALE,2003,17,17,6222,5937,1,1,1,1,5.882352941176471,6.1520970186963115,NA,Celecoxib,Male,16.254620123203285,61.52097018696311
1,Eunomia GiBleed,1,1,0,1,NA,8507,MALE,2004,31,31,11346,9008,7,7,7,7,22.580645161290324,28.383103907637654,NA,Celecoxib,Male,24.66255989048597,283.83103907637656
1,Eunomia GiBleed,1,1,0,1,NA,8507,MALE,2005,28,28,10248,8738,5,5,5,5,17.857142857142858,20.90009155413138,NA,Celecoxib,Male,23.923340177960302,209.0009155413138
1,Eunomia GiBleed,1,1,0,1,NA,8507,MALE,2006,26,26,9516,7972,5,5,5,5,19.23076923076923,22.908304064224787,NA,Celecoxib,Male,21.82614647501711,229.08304064224788
1,Eunomia GiBleed,1,1,0,1,NA,8507,MALE,2007,30,30,10980,9100,6,6,6,6,20,24.08241758241758,NA,Celecoxib,Male,24.914442162902123,240.82417582417582
1,Eunomia GiBleed,1,1,0,1,NA,8507,MALE,2008,22,22,8052,7114,3,3,3,3,13.636363636363637,15.402727017149285,NA,Celecoxib,Male,19.477070499657767,154.02727017149283
1,Eunomia GiBleed,1,1,0,1,NA,8507,MALE,2009,19,19,6954,5967,3,3,3,3,15.789473684210526,18.363499245852186,NA,Celecoxib,Male,16.33675564681725,183.63499245852188
1,Eunomia GiBleed,1,1,0,1,NA,8507,MALE,2010,27,27,9882,7968,6,6,6,6,22.22222222222222,27.503765060240966,NA,Celecoxib,Male,21.815195071868583,275.03765060240966
1,Eunomia GiBleed,1,1,0,1,NA,8507,MALE,2011,21,21,7686,6733,3,3,3,3,14.285714285714286,16.274320510916382,NA,Celecoxib,Male,18.43394934976044,162.7432051091638
1,Eunomia GiBleed,1,1,0,1,NA,8507,MALE,2012,26,26,9516,7211,7,7,7,7,26.923076923076923,35.45624739980585,NA,Celecoxib,Male,19.742642026009584,354.5624739980585
1,Eunomia GiBleed,1,1,0,1,NA,8507,MALE,2013,19,19,6954,5370,5,5,5,5,26.31578947368421,34.00837988826816,NA,Celecoxib,Male,14.702258726899384,340.08379888268155
1,Eunomia GiBleed,1,1,0,1,NA,8507,MALE,2014,26,26,9461,8525,3,3,3,3,11.538461538461538,12.853372434017595,NA,Celecoxib,Male,23.340177960301162,128.53372434017595
1,Eunomia GiBleed,1,1,0,1,NA,8507,MALE,2015,21,21,7686,5222,8,8,8,8,38.095238095238095,55.955572577556495,NA,Celecoxib,Male,14.297056810403832,559.555725775565
1,Eunomia GiBleed,1,1,0,1,NA,8507,MALE,2016,22,22,7631,6647,4,4,4,4,18.181818181818183,21.97984052956221,NA,Celecoxib,Male,18.198494182067076,219.7984052956221
1,Eunomia GiBleed,1,1,0,1,NA,8507,MALE,2017,18,18,5010,3838,5,5,5,5,27.77777777777778,47.583376758728505,NA,Celecoxib,Male,10.507871321013004,475.8337675872851
1,Eunomia GiBleed,1,1,0,1,NA,8507,MALE,2018,11,11,1977,1458,5,5,5,5,45.45454545454545,125.25720164609054,NA,Celecoxib,Male,3.991786447638604,1252.5720164609054
1,Eunomia GiBleed,1,1,0,1,NA,8507,MALE,2019,3,3,103,102,1,1,1,1,33.333333333333336,358.0882352941177,NA,Celecoxib,Male,0.2792607802874743,3580.8823529411766
1,Eunomia GiBleed,1,1,0,1,NA,8532,FEMALE,1941,1,1,366,366,0,0,0,0,0,0,NA,Celecoxib,Female,1.002053388090349,0
1,Eunomia GiBleed,1,1,0,1,NA,8532,FEMALE,1943,1,1,366,366,0,0,0,0,0,0,NA,Celecoxib,Female,1.002053388090349,0
1,Eunomia GiBleed,1,1,0,1,NA,8532,FEMALE,1944,2,2,732,405,1,1,1,1,50,90.18518518518519,NA,Celecoxib,Female,1.108829568788501,901.8518518518518
1,Eunomia GiBleed,1,1,0,1,NA,8532,FEMALE,1945,3,3,1098,787,1,1,1,1,33.333333333333336,46.41041931385006,NA,Celecoxib,Female,2.1546885694729636,464.10419313850065
1,Eunomia GiBleed,1,1,0,1,NA,8532,FEMALE,1946,2,2,732,435,1,1,1,1,50,83.9655172413793,NA,Celecoxib,Female,1.1909650924024642,839.655172413793
1,Eunomia GiBleed,1,1,0,1,NA,8532,FEMALE,1947,2,2,732,732,0,0,0,0,0,0,NA,Celecoxib,Female,2.004106776180698,0
1,Eunomia GiBleed,1,1,0,1,NA,8532,FEMALE,1948,4,4,1464,837,2,2,2,2,50,87.27598566308244,NA,Celecoxib,Female,2.291581108829569,872.7598566308244
1,Eunomia GiBleed,1,1,0,1,NA,8532,FEMALE,1949,2,2,732,436,1,1,1,1,50,83.7729357798165,NA,Celecoxib,Female,1.1937029431895962,837.7293577981651
1,Eunomia GiBleed,1,1,0,1,NA,8532,FEMALE,1950,3,3,1098,1098,0,0,0,0,0,0,NA,Celecoxib,Female,3.0061601642710474,0
1,Eunomia GiBleed,1,1,0,1,NA,8532,FEMALE,1951,1,1,366,366,0,0,0,0,0,0,NA,Celecoxib,Female,1.002053388090349,0
1,Eunomia GiBleed,1,1,0,1,NA,8532,FEMALE,1952,3,3,1098,1098,0,0,0,0,0,0,NA,Celecoxib,Female,3.0061601642710474,0
1,Eunomia GiBleed,1,1,0,1,NA,8532,FEMALE,1953,3,3,1098,785,1,1,1,1,33.333333333333336,46.52866242038217,NA,Celecoxib,Female,2.1492128678986995,465.28662420382165
1,Eunomia GiBleed,1,1,0,1,NA,8532,FEMALE,1954,2,2,732,732,0,0,0,0,0,0,NA,Celecoxib,Female,2.004106776180698,0
1,Eunomia GiBleed,1,1,0,1,NA,8532,FEMALE,1955,3,3,1098,784,1,1,1,1,33.333333333333336,46.588010204081634,NA,Celecoxib,Female,2.1464750171115674,465.8801020408163
1,Eunomia GiBleed,1,1,0,1,NA,8532,FEMALE,1956,5,5,1830,1485,1,1,1,1,20,24.595959595959595,NA,Celecoxib,Female,4.0657084188911705,245.95959595959596
1,Eunomia GiBleed,1,1,0,1,NA,8532,FEMALE,1957,3,3,1098,1098,0,0,0,0,0,0,NA,Celecoxib,Female,3.0061601642710474,0
1,Eunomia GiBleed,1,1,0,1,NA,8532,FEMALE,1958,3,3,1098,493,2,2,2,2,66.66666666666667,148.17444219066937,NA,Celecoxib,Female,1.3497604380561259,1481.7444219066938
1,Eunomia GiBleed,1,1,0,1,NA,8532,FEMALE,1959,4,4,1464,1176,1,1,1,1,25,31.058673469387752,NA,Celecoxib,Female,3.2197125256673513,310.58673469387753
1,Eunomia GiBleed,1,1,0,1,NA,8532,FEMALE,1960,1,1,366,366,0,0,0,0,0,0,NA,Celecoxib,Female,1.002053388090349,0
1,Eunomia GiBleed,1,1,0,1,NA,8532,FEMALE,1962,2,2,732,732,0,0,0,0,0,0,NA,Celecoxib,Female,2.004106776180698,0
1,Eunomia GiBleed,1,1,0,1,NA,8532,FEMALE,1963,4,4,1464,887,2,2,2,2,50,82.35625704622322,NA,Celecoxib,Female,2.428473648186174,823.5625704622322
1,Eunomia GiBleed,1,1,0,1,NA,8532,FEMALE,1964,2,2,732,732,0,0,0,0,0,0,NA,Celecoxib,Female,2.004106776180698,0
1,Eunomia GiBleed,1,1,0,1,NA,8532,FEMALE,1965,1,1,366,27,1,1,1,1,100,1352.7777777777778,NA,Celecoxib,Female,0.07392197125256673,13527.777777777777
1,Eunomia GiBleed,1,1,0,1,NA,8532,FEMALE,1966,3,3,1098,782,1,1,1,1,33.333333333333336,46.70716112531969,NA,Celecoxib,Female,2.1409993155373033,467.0716112531969
1,Eunomia GiBleed,1,1,0,1,NA,8532,FEMALE,1967,1,1,366,366,0,0,0,0,0,0,NA,Celecoxib,Female,1.002053388090349,0
1,Eunomia GiBleed,1,1,0,1,NA,8532,FEMALE,1968,3,3,1098,148,3,3,3,3,100,740.3716216216217,NA,Celecoxib,Female,0.405201916495551,7403.716216216217
1,Eunomia GiBleed,1,1,0,1,NA,8532,FEMALE,1969,1,1,366,366,0,0,0,0,0,0,NA,Celecoxib,Female,1.002053388090349,0
1,Eunomia GiBleed,1,1,0,1,NA,8532,FEMALE,1970,4,4,1464,1464,0,0,0,0,0,0,NA,Celecoxib,Female,4.008213552361396,0
1,Eunomia GiBleed,1,1,0,1,NA,8532,FEMALE,1971,5,5,1830,1830,0,0,0,0,0,0,NA,Celecoxib,Female,5.0102669404517455,0
1,Eunomia GiBleed,1,1,0,1,NA,8532,FEMALE,1972,4,4,1464,818,2,2,2,2,50,89.30317848410758,NA,Celecoxib,Female,2.239561943874059,893.0317848410757
1,Eunomia GiBleed,1,1,0,1,NA,8532,FEMALE,1973,6,6,2196,2196,0,0,0,0,0,0,NA,Celecoxib,Female,6.012320328542095,0
1,Eunomia GiBleed,1,1,0,1,NA,8532,FEMALE,1974,6,6,2196,1240,3,3,3,3,50,88.36693548387098,NA,Celecoxib,Female,3.3949349760438055,883.6693548387098
1,Eunomia GiBleed,1,1,0,1,NA,8532,FEMALE,1975,6,6,2196,1596,2,2,2,2,33.333333333333336,45.77067669172932,NA,Celecoxib,Female,4.369609856262834,457.70676691729324
1,Eunomia GiBleed,1,1,0,1,NA,8532,FEMALE,1976,9,9,3294,2668,2,2,2,2,22.22222222222222,27.380059970014994,NA,Celecoxib,Female,7.304585900068446,273.8005997001499
1,Eunomia GiBleed,1,1,0,1,NA,8532,FEMALE,1977,5,5,1830,1830,0,0,0,0,0,0,NA,Celecoxib,Female,5.0102669404517455,0
1,Eunomia GiBleed,1,1,0,1,NA,8532,FEMALE,1978,13,13,4758,4399,1,1,1,1,7.6923076923076925,8.303023414412367,NA,Celecoxib,Female,12.043805612594113,83.03023414412367
1,Eunomia GiBleed,1,1,0,1,NA,8532,FEMALE,1979,8,8,2928,2928,0,0,0,0,0,0,NA,Celecoxib,Female,8.016427104722792,0
1,Eunomia GiBleed,1,1,0,1,NA,8532,FEMALE,1980,8,8,2928,2326,2,2,2,2,25,31.40584694754944,NA,Celecoxib,Female,6.368240930869268,314.0584694754944
1,Eunomia GiBleed,1,1,0,1,NA,8532,FEMALE,1981,15,15,5490,5171,1,1,1,1,6.666666666666667,7.063430671050087,NA,Celecoxib,Female,14.157426420260096,70.63430671050087
1,Eunomia GiBleed,1,1,0,1,NA,8532,FEMALE,1982,6,6,2196,1174,3,3,3,3,50,93.33475298126065,NA,Celecoxib,Female,3.2142368240930868,933.3475298126066
1,Eunomia GiBleed,1,1,0,1,NA,8532,FEMALE,1983,9,9,3294,3294,0,0,0,0,0,0,NA,Celecoxib,Female,9.018480492813142,0
1,Eunomia GiBleed,1,1,0,1,NA,8532,FEMALE,1984,15,15,5490,4539,3,3,3,3,20,24.140779907468605,NA,Celecoxib,Female,12.427104722792608,241.40779907468604
1,Eunomia GiBleed,1,1,0,1,NA,8532,FEMALE,1985,10,10,3660,3078,2,2,2,2,20,23.732943469785575,NA,Celecoxib,Female,8.427104722792608,237.32943469785576
1,Eunomia GiBleed,1,1,0,1,NA,8532,FEMALE,1986,8,8,2928,2236,2,2,2,2,25,32.669946332737034,NA,Celecoxib,Female,6.121834360027378,326.6994633273703
1,Eunomia GiBleed,1,1,0,1,NA,8532,FEMALE,1987,18,18,6588,4255,7,7,7,7,38.888888888888886,60.088131609870736,NA,Celecoxib,Female,11.649555099247092,600.8813160987073
1,Eunomia GiBleed,1,1,0,1,NA,8532,FEMALE,1988,13,13,4758,4090,2,2,2,2,15.384615384615385,17.860635696821515,NA,Celecoxib,Female,11.197809719370294,178.60635696821515
1,Eunomia GiBleed,1,1,0,1,NA,8532,FEMALE,1989,18,18,6588,5945,2,2,2,2,11.11111111111111,12.287636669470144,NA,Celecoxib,Female,16.27652292950034,122.87636669470143
1,Eunomia GiBleed,1,1,0,1,NA,8532,FEMALE,1990,15,15,5490,4279,4,4,4,4,26.666666666666668,34.14349146996962,NA,Celecoxib,Female,11.715263518138261,341.4349146996962
1,Eunomia GiBleed,1,1,0,1,NA,8532,FEMALE,1991,13,13,4758,4148,2,2,2,2,15.384615384615385,17.61089681774349,NA,Celecoxib,Female,11.356605065023956,176.10896817743492
1,Eunomia GiBleed,1,1,0,1,NA,8532,FEMALE,1992,28,28,10248,8600,5,5,5,5,17.857142857142858,21.23546511627907,NA,Celecoxib,Female,23.54551676933607,212.3546511627907
1,Eunomia GiBleed,1,1,0,1,NA,8532,FEMALE,1993,18,18,6588,6279,1,1,1,1,5.555555555555555,5.817009077878643,NA,Celecoxib,Female,17.190965092402465,58.17009077878643
1,Eunomia GiBleed,1,1,0,1,NA,8532,FEMALE,1994,12,12,4392,4113,1,1,1,1,8.333333333333334,8.880379285193289,NA,Celecoxib,Female,11.260780287474333,88.8037928519329
1,Eunomia GiBleed,1,1,0,1,NA,8532,FEMALE,1995,25,25,9150,7589,5,5,5,5,20,24.064435366978522,NA,Celecoxib,Female,20.777549623545518,240.6443536697852
1,Eunomia GiBleed,1,1,0,1,NA,8532,FEMALE,1996,20,20,7320,6421,3,3,3,3,15,17.065098894253232,NA,Celecoxib,Female,17.579739904175224,170.6509889425323
1,Eunomia GiBleed,1,1,0,1,NA,8532,FEMALE,1997,29,29,10614,7766,9,9,9,9,31.03448275862069,42.32874066443471,NA,Celecoxib,Female,21.2621492128679,423.28740664434713
1,Eunomia GiBleed,1,1,0,1,NA,8532,FEMALE,1998,21,21,7686,6467,4,4,4,4,19.047619047619047,22.59161898871192,NA,Celecoxib,Female,17.7056810403833,225.9161898871192
1,Eunomia GiBleed,1,1,0,1,NA,8532,FEMALE,1999,15,15,5490,4118,4,4,4,4,26.666666666666668,35.478387566779986,NA,Celecoxib,Female,11.274469541409994,354.78387566779986
1,Eunomia GiBleed,1,1,0,1,NA,8532,FEMALE,2000,26,26,9516,7289,7,7,7,7,26.923076923076923,35.07682809713266,NA,Celecoxib,Female,19.956194387405887,350.76828097132665
1,Eunomia GiBleed,1,1,0,1,NA,8532,FEMALE,2001,35,35,12810,11108,5,5,5,5,14.285714285714286,16.440853438962908,NA,Celecoxib,Female,30.412046543463383,164.4085343896291
1,Eunomia GiBleed,1,1,0,1,NA,8532,FEMALE,2002,22,22,8052,6404,5,5,5,5,22.727272727272727,28.51733291692692,NA,Celecoxib,Female,17.533196440793976,285.1733291692692
1,Eunomia GiBleed,1,1,0,1,NA,8532,FEMALE,2003,22,22,8052,7140,3,3,3,3,13.636363636363637,15.346638655462186,NA,Celecoxib,Female,19.548254620123203,153.46638655462186
1,Eunomia GiBleed,1,1,0,1,NA,8532,FEMALE,2004,33,33,12078,11779,1,1,1,1,3.0303030303030303,3.1008574581883015,NA,Celecoxib,Female,32.24914442162902,31.008574581883014
1,Eunomia GiBleed,1,1,0,1,NA,8532,FEMALE,2005,22,22,8052,6478,5,5,5,5,22.727272727272727,28.191571472676756,NA,Celecoxib,Female,17.73579739904175,281.91571472676753
1,Eunomia GiBleed,1,1,0,1,NA,8532,FEMALE,2006,23,23,8418,7161,4,4,4,4,17.391304347826086,20.402178466694593,NA,Celecoxib,Female,19.60574948665298,204.02178466694593
1,Eunomia GiBleed,1,1,0,1,NA,8532,FEMALE,2007,18,18,6588,5304,4,4,4,4,22.22222222222222,27.54524886877828,NA,Celecoxib,Female,14.521560574948666,275.4524886877828
1,Eunomia GiBleed,1,1,0,1,NA,8532,FEMALE,2008,24,24,8784,6789,6,6,6,6,25,32.280159080866106,NA,Celecoxib,Female,18.587268993839835,322.8015908086611
1,Eunomia GiBleed,1,1,0,1,NA,8532,FEMALE,2009,29,29,10614,9663,3,3,3,3,10.344827586206897,11.339646072648245,NA,Celecoxib,Female,26.455852156057496,113.39646072648246
1,Eunomia GiBleed,1,1,0,1,NA,8532,FEMALE,2010,19,19,6954,4989,6,6,6,6,31.57894736842105,43.92663860493085,NA,Celecoxib,Female,13.659137577002053,439.2663860493085
1,Eunomia GiBleed,1,1,0,1,NA,8532,FEMALE,2011,24,24,8784,8130,2,2,2,2,8.333333333333334,8.985239852398523,NA,Celecoxib,Female,22.258726899383984,89.85239852398524
1,Eunomia GiBleed,1,1,0,1,NA,8532,FEMALE,2012,26,26,9516,8201,4,4,4,4,15.384615384615385,17.81490062187538,NA,Celecoxib,Female,22.45311430527036,178.1490062187538
1,Eunomia GiBleed,1,1,0,1,NA,8532,FEMALE,2013,17,17,6222,4901,4,4,4,4,23.529411764705884,29.810242807590285,NA,Celecoxib,Female,13.418206707734429,298.1024280759029
1,Eunomia GiBleed,1,1,0,1,NA,8532,FEMALE,2014,32,32,11712,10151,5,5,5,5,15.625,17.990838341050143,NA,Celecoxib,Female,27.79192334017796,179.90838341050144
1,Eunomia GiBleed,1,1,0,1,NA,8532,FEMALE,2015,23,23,8418,7546,3,3,3,3,13.043478260869565,14.52093824542804,NA,Celecoxib,Female,20.659822039698838,145.2093824542804
1,Eunomia GiBleed,1,1,0,1,NA,8532,FEMALE,2016,24,24,8435,7460,4,4,4,4,16.666666666666668,19.58445040214477,NA,Celecoxib,Female,20.424366872005475,195.84450402144773
1,Eunomia GiBleed,1,1,0,1,NA,8532,FEMALE,2017,27,27,8268,6814,7,7,7,7,25.925925925925927,37.52201350161432,NA,Celecoxib,Female,18.65571526351814,375.2201350161432
1,Eunomia GiBleed,1,1,0,1,NA,8532,FEMALE,2018,9,9,1181,973,3,3,3,3,33.333333333333336,112.61562178828366,NA,Celecoxib,Female,2.6639288158795345,1126.1562178828367
1,Eunomia GiBleed,1,1,0,1,NA,8532,FEMALE,2019,4,4,179,175,3,3,3,3,75,626.1428571428572,NA,Celecoxib,Female,0.4791238877481177,6261.428571428572
1,Eunomia GiBleed,1,1,0,1,NA,NA,NA,1941,1,1,366,366,0,0,0,0,0,0,NA,Celecoxib,NA,1.002053388090349,0
1,Eunomia GiBleed,1,1,0,1,NA,NA,NA,1943,3,3,1098,805,1,1,1,1,33.333333333333336,45.37267080745341,NA,Celecoxib,NA,2.2039698836413417,453.72670807453414
1,Eunomia GiBleed,1,1,0,1,NA,NA,NA,1944,2,2,732,405,1,1,1,1,50,90.18518518518519,NA,Celecoxib,NA,1.108829568788501,901.8518518518518
1,Eunomia GiBleed,1,1,0,1,NA,NA,NA,1945,5,5,1830,1519,1,1,1,1,20,24.04542462146149,NA,Celecoxib,NA,4.158795345653662,240.4542462146149
1,Eunomia GiBleed,1,1,0,1,NA,NA,NA,1946,2,2,732,435,1,1,1,1,50,83.9655172413793,NA,Celecoxib,NA,1.1909650924024642,839.655172413793
1,Eunomia GiBleed,1,1,0,1,NA,NA,NA,1947,4,4,1464,1175,1,1,1,1,25,31.085106382978726,NA,Celecoxib,NA,3.216974674880219,310.8510638297873
1,Eunomia GiBleed,1,1,0,1,NA,NA,NA,1948,4,4,1464,837,2,2,2,2,50,87.27598566308244,NA,Celecoxib,NA,2.291581108829569,872.7598566308244
1,Eunomia GiBleed,1,1,0,1,NA,NA,NA,1949,3,3,1098,802,1,1,1,1,33.333333333333336,45.542394014962596,NA,Celecoxib,NA,2.195756331279945,455.423940149626
1,Eunomia GiBleed,1,1,0,1,NA,NA,NA,1950,7,7,2562,2273,1,1,1,1,14.285714285714286,16.06907171139463,NA,Celecoxib,NA,6.223134839151267,160.6907171139463
1,Eunomia GiBleed,1,1,0,1,NA,NA,NA,1951,1,1,366,366,0,0,0,0,0,0,NA,Celecoxib,NA,1.002053388090349,0
1,Eunomia GiBleed,1,1,0,1,NA,NA,NA,1952,5,5,1830,1830,0,0,0,0,0,0,NA,Celecoxib,NA,5.0102669404517455,0
1,Eunomia GiBleed,1,1,0,1,NA,NA,NA,1953,7,7,2562,2249,1,1,1,1,14.285714285714286,16.240551356158292,NA,Celecoxib,NA,6.157426420260096,162.40551356158292
1,Eunomia GiBleed,1,1,0,1,NA,NA,NA,1954,4,4,1464,1464,0,0,0,0,0,0,NA,Celecoxib,NA,4.008213552361396,0
1,Eunomia GiBleed,1,1,0,1,NA,NA,NA,1955,3,3,1098,784,1,1,1,1,33.333333333333336,46.588010204081634,NA,Celecoxib,NA,2.1464750171115674,465.8801020408163
1,Eunomia GiBleed,1,1,0,1,NA,NA,NA,1956,6,6,2196,1851,1,1,1,1,16.666666666666668,19.73257698541329,NA,Celecoxib,NA,5.06776180698152,197.3257698541329
1,Eunomia GiBleed,1,1,0,1,NA,NA,NA,1957,9,9,3294,2008,4,4,4,4,44.44444444444444,72.75896414342628,NA,Celecoxib,NA,5.49760438056126,727.589641434263
1,Eunomia GiBleed,1,1,0,1,NA,NA,NA,1958,7,7,2562,1957,2,2,2,2,28.571428571428573,37.32754215636178,NA,Celecoxib,NA,5.3579739904175225,373.2754215636178
1,Eunomia GiBleed,1,1,0,1,NA,NA,NA,1959,6,6,2196,1908,1,1,1,1,16.666666666666668,19.14308176100629,NA,Celecoxib,NA,5.223819301848049,191.4308176100629
1,Eunomia GiBleed,1,1,0,1,NA,NA,NA,1960,1,1,366,366,0,0,0,0,0,0,NA,Celecoxib,NA,1.002053388090349,0
1,Eunomia GiBleed,1,1,0,1,NA,NA,NA,1961,2,2,732,732,0,0,0,0,0,0,NA,Celecoxib,NA,2.004106776180698,0
1,Eunomia GiBleed,1,1,0,1,NA,NA,NA,1962,6,6,2196,1912,1,1,1,1,16.666666666666668,19.103033472803347,NA,Celecoxib,NA,5.234770704996578,191.03033472803347
1,Eunomia GiBleed,1,1,0,1,NA,NA,NA,1963,10,10,3660,2755,3,3,3,3,30,39.77313974591652,NA,Celecoxib,NA,7.542778918548939,397.7313974591651
1,Eunomia GiBleed,1,1,0,1,NA,NA,NA,1964,5,5,1830,1830,0,0,0,0,0,0,NA,Celecoxib,NA,5.0102669404517455,0
1,Eunomia GiBleed,1,1,0,1,NA,NA,NA,1965,1,1,366,27,1,1,1,1,100,1352.7777777777778,NA,Celecoxib,NA,0.07392197125256673,13527.777777777777
1,Eunomia GiBleed,1,1,0,1,NA,NA,NA,1966,5,5,1830,1514,1,1,1,1,20,24.124834874504625,NA,Celecoxib,NA,4.145106091718001,241.24834874504623
1,Eunomia GiBleed,1,1,0,1,NA,NA,NA,1967,2,2,732,732,0,0,0,0,0,0,NA,Celecoxib,NA,2.004106776180698,0
1,Eunomia GiBleed,1,1,0,1,NA,NA,NA,1968,5,5,1830,880,3,3,3,3,60,124.51704545454547,NA,Celecoxib,NA,2.409308692676249,1245.1704545454545
1,Eunomia GiBleed,1,1,0,1,NA,NA,NA,1969,2,2,732,417,1,1,1,1,50,87.58992805755395,NA,Celecoxib,NA,1.1416837782340863,875.8992805755395
1,Eunomia GiBleed,1,1,0,1,NA,NA,NA,1970,8,8,2928,2568,1,1,1,1,12.5,14.223130841121495,NA,Celecoxib,NA,7.030800821355236,142.23130841121494
1,Eunomia GiBleed,1,1,0,1,NA,NA,NA,1971,11,11,4026,3722,1,1,1,1,9.090909090909092,9.813272434175175,NA,Celecoxib,NA,10.190280629705681,98.13272434175175
1,Eunomia GiBleed,1,1,0,1,NA,NA,NA,1972,8,8,2928,1927,3,3,3,3,37.5,56.86299948105864,NA,Celecoxib,NA,5.27583846680356,568.6299948105864
1,Eunomia GiBleed,1,1,0,1,NA,NA,NA,1973,14,14,5124,5124,0,0,0,0,0,0,NA,Celecoxib,NA,14.028747433264886,0
1,Eunomia GiBleed,1,1,0,1,NA,NA,NA,1974,11,11,4026,2746,4,4,4,4,36.36363636363637,53.20466132556446,NA,Celecoxib,NA,7.51813826146475,532.0466132556446
1,Eunomia GiBleed,1,1,0,1,NA,NA,NA,1975,11,11,4026,2814,4,4,4,4,36.36363636363637,51.91897654584222,NA,Celecoxib,NA,7.704312114989733,519.1897654584221
1,Eunomia GiBleed,1,1,0,1,NA,NA,NA,1976,14,14,5124,4498,2,2,2,2,14.285714285714286,16.240551356158292,NA,Celecoxib,NA,12.314852840520192,162.40551356158292
1,Eunomia GiBleed,1,1,0,1,NA,NA,NA,1977,10,10,3660,3321,1,1,1,1,10,10.998193315266485,NA,Celecoxib,NA,9.092402464065708,109.98193315266487
1,Eunomia GiBleed,1,1,0,1,NA,NA,NA,1978,20,20,7320,6350,3,3,3,3,15,17.255905511811026,NA,Celecoxib,NA,17.385352498288842,172.55905511811025
1,Eunomia GiBleed,1,1,0,1,NA,NA,NA,1979,17,17,6222,5339,3,3,3,3,17.647058823529413,20.523506274583255,NA,Celecoxib,NA,14.617385352498289,205.23506274583255
1,Eunomia GiBleed,1,1,0,1,NA,NA,NA,1980,19,19,6954,5450,5,5,5,5,26.31578947368421,33.50917431192661,NA,Celecoxib,NA,14.921286789869953,335.091743119266
1,Eunomia GiBleed,1,1,0,1,NA,NA,NA,1981,24,24,8784,8109,2,2,2,2,8.333333333333334,9.00850906400296,NA,Celecoxib,NA,22.20123203285421,90.08509064002959
1,Eunomia GiBleed,1,1,0,1,NA,NA,NA,1982,16,16,5856,4242,5,5,5,5,31.25,43.05162659123055,NA,Celecoxib,NA,11.613963039014374,430.5162659123055
1,Eunomia GiBleed,1,1,0,1,NA,NA,NA,1983,20,20,7320,7320,0,0,0,0,0,0,NA,Celecoxib,NA,20.041067761806982,0
1,Eunomia GiBleed,1,1,0,1,NA,NA,NA,1984,31,31,11346,9121,7,7,7,7,22.580645161290324,28.031465848042977,NA,Celecoxib,NA,24.971937029431896,280.3146584804298
1,Eunomia GiBleed,1,1,0,1,NA,NA,NA,1985,26,26,9516,7374,7,7,7,7,26.923076923076923,34.672497965825876,NA,Celecoxib,NA,20.188911704312115,346.72497965825875
1,Eunomia GiBleed,1,1,0,1,NA,NA,NA,1986,27,27,9882,8869,3,3,3,3,11.11111111111111,12.354831435336566,NA,Celecoxib,NA,24.281998631074607,123.54831435336565
1,Eunomia GiBleed,1,1,0,1,NA,NA,NA,1987,33,33,12078,9109,9,9,9,9,27.272727272727273,36.08793500933143,NA,Celecoxib,NA,24.93908281998631,360.8793500933143
1,Eunomia GiBleed,1,1,0,1,NA,NA,NA,1988,24,24,8784,7224,5,5,5,5,20.833333333333332,25.28031561461794,NA,Celecoxib,NA,19.7782340862423,252.8031561461794
1,Eunomia GiBleed,1,1,0,1,NA,NA,NA,1989,32,32,11712,10792,3,3,3,3,9.375,10.153354336545588,NA,Celecoxib,NA,29.54688569472964,101.53354336545588
1,Eunomia GiBleed,1,1,0,1,NA,NA,NA,1990,34,34,12444,10003,8,8,8,8,23.529411764705884,29.211236629011296,NA,Celecoxib,NA,27.38672142368241,292.11236629011296
1,Eunomia GiBleed,1,1,0,1,NA,NA,NA,1991,33,33,12078,10493,5,5,5,5,15.151515151515152,17.404460116267988,NA,Celecoxib,NA,28.72826830937714,174.04460116267987
1,Eunomia GiBleed,1,1,0,1,NA,NA,NA,1992,45,45,16470,13550,9,9,9,9,20,24.260147601476014,NA,Celecoxib,NA,37.097878165639976,242.60147601476012
1,Eunomia GiBleed,1,1,0,1,NA,NA,NA,1993,37,37,13542,12616,3,3,3,3,8.108108108108109,8.685399492707674,NA,Celecoxib,NA,34.54072553045859,86.85399492707674
1,Eunomia GiBleed,1,1,0,1,NA,NA,NA,1994,26,26,9516,7656,6,6,6,6,23.076923076923077,28.62460815047022,NA,Celecoxib,NA,20.960985626283367,286.2460815047022
1,Eunomia GiBleed,1,1,0,1,NA,NA,NA,1995,59,59,21594,17049,15,15,15,15,25.423728813559322,32.135315854302306,NA,Celecoxib,NA,46.677618069815196,321.353158543023
1,Eunomia GiBleed,1,1,0,1,NA,NA,NA,1996,37,37,13463,12077,5,5,5,5,13.513513513513514,15.121718969942867,NA,Celecoxib,NA,33.06502395619439,151.21718969942867
1,Eunomia GiBleed,1,1,0,1,NA,NA,NA,1997,50,50,18300,14451,12,12,12,12,24,30.33008096325514,NA,Celecoxib,NA,39.564681724846,303.30080963255136
1,Eunomia GiBleed,1,1,0,1,NA,NA,NA,1998,36,36,13128,10661,8,8,8,8,22.22222222222222,27.4083106650408,NA,Celecoxib,NA,29.188227241615333,274.083106650408
1,Eunomia GiBleed,1,1,0,1,NA,NA,NA,1999,41,41,15006,11720,10,10,10,10,24.390243902439025,31.16467576791809,NA,Celecoxib,NA,32.087611225188226,311.6467576791809
1,Eunomia GiBleed,1,1,0,1,NA,NA,NA,2000,52,52,19032,15571,11,11,11,11,21.153846153846153,25.80277438828592,NA,Celecoxib,NA,42.63107460643395,258.02774388285917
1,Eunomia GiBleed,1,1,0,1,NA,NA,NA,2001,56,56,20496,16891,11,11,11,11,19.642857142857142,23.7863359185365,NA,Celecoxib,NA,46.24503764544832,237.863359185365
1,Eunomia GiBleed,1,1,0,1,NA,NA,NA,2002,57,57,20862,17269,11,11,11,11,19.29824561403509,23.265678383230068,NA,Celecoxib,NA,47.279945242984255,232.65678383230068
1,Eunomia GiBleed,1,1,0,1,NA,NA,NA,2003,39,39,14274,13077,4,4,4,4,10.256410256410257,11.172287221839872,NA,Celecoxib,NA,35.80287474332649,111.7228722183987
1,Eunomia GiBleed,1,1,0,1,NA,NA,NA,2004,64,64,23424,20787,8,8,8,8,12.5,14.056862462115745,NA,Celecoxib,NA,56.91170431211499,140.56862462115745
1,Eunomia GiBleed,1,1,0,1,NA,NA,NA,2005,50,50,18300,15216,10,10,10,10,20,24.004337539432175,NA,Celecoxib,NA,41.659137577002056,240.04337539432174
1,Eunomia GiBleed,1,1,0,1,NA,NA,NA,2006,49,49,17934,15133,9,9,9,9,18.367346938775512,21.72239476640455,NA,Celecoxib,NA,41.43189596167009,217.22394766404548
1,Eunomia GiBleed,1,1,0,1,NA,NA,NA,2007,48,48,17568,14404,10,10,10,10,20.833333333333332,25.357539572341018,NA,Celecoxib,NA,39.436002737850785,253.57539572341017
1,Eunomia GiBleed,1,1,0,1,NA,NA,NA,2008,46,46,16836,13903,9,9,9,9,19.565217391304348,23.644177515644106,NA,Celecoxib,NA,38.064339493497606,236.44177515644105
1,Eunomia GiBleed,1,1,0,1,NA,NA,NA,2009,48,48,17568,15630,6,6,6,6,12.5,14.021113243761997,NA,Celecoxib,NA,42.79260780287474,140.21113243761997
1,Eunomia GiBleed,1,1,0,1,NA,NA,NA,2010,46,46,16836,12957,12,12,12,12,26.08695652173913,33.82727483213707,NA,Celecoxib,NA,35.474332648870636,338.27274832137067
1,Eunomia GiBleed,1,1,0,1,NA,NA,NA,2011,45,45,16470,14863,5,5,5,5,11.11111111111111,12.287223306196596,NA,Celecoxib,NA,40.69267624914442,122.87223306196596
1,Eunomia GiBleed,1,1,0,1,NA,NA,NA,2012,52,52,19032,15412,11,11,11,11,21.153846153846153,26.068972229431612,NA,Celecoxib,NA,42.195756331279945,260.68972229431614
1,Eunomia GiBleed,1,1,0,1,NA,NA,NA,2013,36,36,13176,10271,9,9,9,9,25,32.00516015967287,NA,Celecoxib,NA,28.12046543463381,320.0516015967287
1,Eunomia GiBleed,1,1,0,1,NA,NA,NA,2014,58,58,21173,18676,8,8,8,8,13.793103448275861,15.645748554294283,NA,Celecoxib,NA,51.13210130047912,156.45748554294283
1,Eunomia GiBleed,1,1,0,1,NA,NA,NA,2015,44,44,16104,12768,11,11,11,11,25,31.46734022556391,NA,Celecoxib,NA,34.95687885010267,314.6734022556391
1,Eunomia GiBleed,1,1,0,1,NA,NA,NA,2016,46,46,16066,14107,8,8,8,8,17.391304347826086,20.71312114553059,NA,Celecoxib,NA,38.62286105407255,207.13121145530587
1,Eunomia GiBleed,1,1,0,1,NA,NA,NA,2017,45,45,13278,10652,12,12,12,12,26.666666666666668,41.14720240330455,NA,Celecoxib,NA,29.163586584531142,411.47202403304544
1,Eunomia GiBleed,1,1,0,1,NA,NA,NA,2018,20,20,3158,2431,8,8,8,8,40,120.1974496092143,NA,Celecoxib,NA,6.655715263518139,1201.974496092143
1,Eunomia GiBleed,1,1,0,1,NA,NA,NA,2019,7,7,282,277,4,4,4,4,57.142857142857146,527.4368231046932,NA,Celecoxib,NA,0.758384668035592,5274.368231046932
1,Eunomia GiBleed,2,1,0,1,NA,NA,NA,NA,830,830,299562,261005,124,124,124,124,14.939759036144578,17.352541139058637,NA,Diclofenac,NA,714.5927446954141,173.52541139058638
1,Eunomia GiBleed,2,1,0,1,1,NA,NA,NA,99,99,35481,31667,14,14,14,14,14.141414141414142,16.14772476079199,<35,Diclofenac,NA,86.69952087611225,161.47724760791994
1,Eunomia GiBleed,2,1,0,1,2,NA,NA,NA,409,409,148056,129930,57,57,57,57,13.93643031784841,16.023435696144077,35 - 39,Diclofenac,NA,355.7289527720739,160.23435696144077
1,Eunomia GiBleed,2,1,0,1,3,NA,NA,NA,296,296,106727,92259,46,46,46,46,15.54054054054054,18.211231424576464,40 - 44,Diclofenac,NA,252.59137577002053,182.11231424576465
1,Eunomia GiBleed,2,1,0,1,4,NA,NA,NA,26,26,9298,7149,7,7,7,7,26.923076923076923,35.76374318086445,>=45,Diclofenac,NA,19.572895277207394,357.6374318086445
1,Eunomia GiBleed,2,1,0,1,1,8507,MALE,NA,45,45,16234,14975,5,5,5,5,11.11111111111111,12.195325542570952,<35,Diclofenac,Male,40.99931553730322,121.95325542570951
1,Eunomia GiBleed,2,1,0,1,1,8532,FEMALE,NA,54,54,19247,16692,9,9,9,9,16.666666666666668,19.693565780014378,<35,Diclofenac,Female,45.700205338809035,196.9356578001438
1,Eunomia GiBleed,2,1,0,1,2,8507,MALE,NA,207,207,75187,65634,30,30,30,30,14.492753623188406,16.69485327726483,35 - 39,Diclofenac,Male,179.69609856262835,166.94853277264832
1,Eunomia GiBleed,2,1,0,1,2,8532,FEMALE,NA,202,202,72869,64296,27,27,27,27,13.366336633663366,15.338045912653975,35 - 39,Diclofenac,Female,176.0328542094456,153.38045912653976
1,Eunomia GiBleed,2,1,0,1,3,8507,MALE,NA,133,133,47351,41742,19,19,19,19,14.285714285714286,16.625341382779933,40 - 44,Diclofenac,Male,114.28336755646818,166.25341382779933
1,Eunomia GiBleed,2,1,0,1,3,8532,FEMALE,NA,163,163,59376,50517,27,27,27,27,16.56441717791411,19.521646178514164,40 - 44,Diclofenac,Female,138.30800821355237,195.21646178514163
1,Eunomia GiBleed,2,1,0,1,4,8507,MALE,NA,10,10,3608,2636,3,3,3,3,30,41.56866464339909,>=45,Diclofenac,Male,7.216974674880219,415.6866464339909
1,Eunomia GiBleed,2,1,0,1,4,8532,FEMALE,NA,16,16,5690,4513,4,4,4,4,25,32.37314424994461,>=45,Diclofenac,Female,12.355920602327172,323.7314424994461
1,Eunomia GiBleed,2,1,0,1,1,NA,NA,1943,1,1,366,366,0,0,0,0,0,0,<35,Diclofenac,NA,1.002053388090349,0
1,Eunomia GiBleed,2,1,0,1,1,NA,NA,1950,1,1,366,70,1,1,1,1,100,521.7857142857143,<35,Diclofenac,NA,0.19164955509924708,5217.857142857143
1,Eunomia GiBleed,2,1,0,1,1,NA,NA,1952,1,1,366,366,0,0,0,0,0,0,<35,Diclofenac,NA,1.002053388090349,0
1,Eunomia GiBleed,2,1,0,1,1,NA,NA,1953,1,1,366,49,1,1,1,1,100,745.4081632653061,<35,Diclofenac,NA,0.13415468856947296,7454.081632653061
1,Eunomia GiBleed,2,1,0,1,1,NA,NA,1955,1,1,366,85,1,1,1,1,100,429.7058823529412,<35,Diclofenac,NA,0.2327173169062286,4297.058823529412
1,Eunomia GiBleed,2,1,0,1,1,NA,NA,1968,2,2,732,732,0,0,0,0,0,0,<35,Diclofenac,NA,2.004106776180698,0
1,Eunomia GiBleed,2,1,0,1,1,NA,NA,1970,1,1,366,366,0,0,0,0,0,0,<35,Diclofenac,NA,1.002053388090349,0
1,Eunomia GiBleed,2,1,0,1,1,NA,NA,1972,1,1,366,366,0,0,0,0,0,0,<35,Diclofenac,NA,1.002053388090349,0
1,Eunomia GiBleed,2,1,0,1,1,NA,NA,1973,1,1,366,366,0,0,0,0,0,0,<35,Diclofenac,NA,1.002053388090349,0
1,Eunomia GiBleed,2,1,0,1,1,NA,NA,1974,1,1,366,366,0,0,0,0,0,0,<35,Diclofenac,NA,1.002053388090349,0
1,Eunomia GiBleed,2,1,0,1,1,NA,NA,1975,1,1,366,366,0,0,0,0,0,0,<35,Diclofenac,NA,1.002053388090349,0
1,Eunomia GiBleed,2,1,0,1,1,NA,NA,1976,2,2,732,732,0,0,0,0,0,0,<35,Diclofenac,NA,2.004106776180698,0
1,Eunomia GiBleed,2,1,0,1,1,NA,NA,1977,2,2,732,732,0,0,0,0,0,0,<35,Diclofenac,NA,2.004106776180698,0
1,Eunomia GiBleed,2,1,0,1,1,NA,NA,1978,1,1,366,366,0,0,0,0,0,0,<35,Diclofenac,NA,1.002053388090349,0
1,Eunomia GiBleed,2,1,0,1,1,NA,NA,1979,2,2,732,732,0,0,0,0,0,0,<35,Diclofenac,NA,2.004106776180698,0
1,Eunomia GiBleed,2,1,0,1,1,NA,NA,1981,3,3,862,778,1,1,1,1,33.333333333333336,46.94730077120822,<35,Diclofenac,NA,2.130047912388775,469.4730077120822
1,Eunomia GiBleed,2,1,0,1,1,NA,NA,1982,1,1,366,366,0,0,0,0,0,0,<35,Diclofenac,NA,1.002053388090349,0
1,Eunomia GiBleed,2,1,0,1,1,NA,NA,1984,1,1,366,80,1,1,1,1,100,456.5625,<35,Diclofenac,NA,0.2190280629705681,4565.625
1,Eunomia GiBleed,2,1,0,1,1,NA,NA,1985,2,2,732,732,0,0,0,0,0,0,<35,Diclofenac,NA,2.004106776180698,0
1,Eunomia GiBleed,2,1,0,1,1,NA,NA,1986,2,2,732,732,0,0,0,0,0,0,<35,Diclofenac,NA,2.004106776180698,0
1,Eunomia GiBleed,2,1,0,1,1,NA,NA,1987,2,2,732,732,0,0,0,0,0,0,<35,Diclofenac,NA,2.004106776180698,0
1,Eunomia GiBleed,2,1,0,1,1,NA,NA,1988,1,1,366,366,0,0,0,0,0,0,<35,Diclofenac,NA,1.002053388090349,0
1,Eunomia GiBleed,2,1,0,1,1,NA,NA,1989,2,2,732,732,0,0,0,0,0,0,<35,Diclofenac,NA,2.004106776180698,0
1,Eunomia GiBleed,2,1,0,1,1,NA,NA,1990,2,2,732,732,0,0,0,0,0,0,<35,Diclofenac,NA,2.004106776180698,0
1,Eunomia GiBleed,2,1,0,1,1,NA,NA,1991,4,4,1464,1464,0,0,0,0,0,0,<35,Diclofenac,NA,4.008213552361396,0
1,Eunomia GiBleed,2,1,0,1,1,NA,NA,1992,2,2,732,375,1,1,1,1,50,97.4,<35,Diclofenac,NA,1.0266940451745379,974.0000000000001
1,Eunomia GiBleed,2,1,0,1,1,NA,NA,1993,4,4,1464,1464,0,0,0,0,0,0,<35,Diclofenac,NA,4.008213552361396,0
1,Eunomia GiBleed,2,1,0,1,1,NA,NA,1994,2,2,732,732,0,0,0,0,0,0,<35,Diclofenac,NA,2.004106776180698,0
1,Eunomia GiBleed,2,1,0,1,1,NA,NA,1995,1,1,366,366,0,0,0,0,0,0,<35,Diclofenac,NA,1.002053388090349,0
1,Eunomia GiBleed,2,1,0,1,1,NA,NA,1996,1,1,366,366,0,0,0,0,0,0,<35,Diclofenac,NA,1.002053388090349,0
1,Eunomia GiBleed,2,1,0,1,1,NA,NA,1997,2,2,732,732,0,0,0,0,0,0,<35,Diclofenac,NA,2.004106776180698,0
1,Eunomia GiBleed,2,1,0,1,1,NA,NA,1998,2,2,732,732,0,0,0,0,0,0,<35,Diclofenac,NA,2.004106776180698,0
1,Eunomia GiBleed,2,1,0,1,1,NA,NA,1999,4,4,1464,1140,1,1,1,1,25,32.03947368421053,<35,Diclofenac,NA,3.1211498973305956,320.39473684210526
1,Eunomia GiBleed,2,1,0,1,1,NA,NA,2000,5,5,1830,1830,0,0,0,0,0,0,<35,Diclofenac,NA,5.0102669404517455,0
1,Eunomia GiBleed,2,1,0,1,1,NA,NA,2001,1,1,366,366,0,0,0,0,0,0,<35,Diclofenac,NA,1.002053388090349,0
1,Eunomia GiBleed,2,1,0,1,1,NA,NA,2002,5,5,1830,1546,1,1,1,1,20,23.625485122897803,<35,Diclofenac,NA,4.232717316906228,236.25485122897803
1,Eunomia GiBleed,2,1,0,1,1,NA,NA,2003,3,3,1098,1098,0,0,0,0,0,0,<35,Diclofenac,NA,3.0061601642710474,0
1,Eunomia GiBleed,2,1,0,1,1,NA,NA,2004,2,2,732,732,0,0,0,0,0,0,<35,Diclofenac,NA,2.004106776180698,0
1,Eunomia GiBleed,2,1,0,1,1,NA,NA,2005,2,2,732,732,0,0,0,0,0,0,<35,Diclofenac,NA,2.004106776180698,0
1,Eunomia GiBleed,2,1,0,1,1,NA,NA,2006,1,1,366,366,0,0,0,0,0,0,<35,Diclofenac,NA,1.002053388090349,0
1,Eunomia GiBleed,2,1,0,1,1,NA,NA,2007,3,3,1098,800,1,1,1,1,33.333333333333336,45.65625,<35,Diclofenac,NA,2.190280629705681,456.5625
1,Eunomia GiBleed,2,1,0,1,1,NA,NA,2008,1,1,366,366,0,0,0,0,0,0,<35,Diclofenac,NA,1.002053388090349,0
1,Eunomia GiBleed,2,1,0,1,1,NA,NA,2009,2,2,732,413,1,1,1,1,50,88.43825665859565,<35,Diclofenac,NA,1.1307323750855578,884.3825665859564
1,Eunomia GiBleed,2,1,0,1,1,NA,NA,2010,1,1,366,366,0,0,0,0,0,0,<35,Diclofenac,NA,1.002053388090349,0
1,Eunomia GiBleed,2,1,0,1,1,NA,NA,2011,6,6,2196,1855,1,1,1,1,16.666666666666668,19.690026954177895,<35,Diclofenac,NA,5.078713210130048,196.90026954177898
1,Eunomia GiBleed,2,1,0,1,1,NA,NA,2012,2,2,732,436,1,1,1,1,50,83.7729357798165,<35,Diclofenac,NA,1.1937029431895962,837.7293577981651
1,Eunomia GiBleed,2,1,0,1,1,NA,NA,2013,2,2,732,402,1,1,1,1,50,90.85820895522387,<35,Diclofenac,NA,1.1006160164271048,908.5820895522387
1,Eunomia GiBleed,2,1,0,1,1,NA,NA,2014,1,1,366,366,0,0,0,0,0,0,<35,Diclofenac,NA,1.002053388090349,0
1,Eunomia GiBleed,2,1,0,1,1,NA,NA,2015,1,1,366,366,0,0,0,0,0,0,<35,Diclofenac,NA,1.002053388090349,0
1,Eunomia GiBleed,2,1,0,1,1,NA,NA,2016,2,2,544,544,0,0,0,0,0,0,<35,Diclofenac,NA,1.4893908281998631,0
1,Eunomia GiBleed,2,1,0,1,1,NA,NA,2018,2,2,403,402,1,1,1,1,50,90.85820895522387,<35,Diclofenac,NA,1.1006160164271048,908.5820895522387
1,Eunomia GiBleed,2,1,0,1,2,NA,NA,1944,2,2,572,572,0,0,0,0,0,0,35 - 39,Diclofenac,NA,1.566050650239562,0
1,Eunomia GiBleed,2,1,0,1,2,NA,NA,1945,2,2,732,732,0,0,0,0,0,0,35 - 39,Diclofenac,NA,2.004106776180698,0
1,Eunomia GiBleed,2,1,0,1,2,NA,NA,1946,1,1,366,366,0,0,0,0,0,0,35 - 39,Diclofenac,NA,1.002053388090349,0
1,Eunomia GiBleed,2,1,0,1,2,NA,NA,1948,3,3,1098,1098,0,0,0,0,0,0,35 - 39,Diclofenac,NA,3.0061601642710474,0
1,Eunomia GiBleed,2,1,0,1,2,NA,NA,1949,1,1,366,366,0,0,0,0,0,0,35 - 39,Diclofenac,NA,1.002053388090349,0
1,Eunomia GiBleed,2,1,0,1,2,NA,NA,1950,2,2,732,732,0,0,0,0,0,0,35 - 39,Diclofenac,NA,2.004106776180698,0
1,Eunomia GiBleed,2,1,0,1,2,NA,NA,1952,1,1,366,366,0,0,0,0,0,0,35 - 39,Diclofenac,NA,1.002053388090349,0
1,Eunomia GiBleed,2,1,0,1,2,NA,NA,1954,1,1,366,366,0,0,0,0,0,0,35 - 39,Diclofenac,NA,1.002053388090349,0
1,Eunomia GiBleed,2,1,0,1,2,NA,NA,1955,1,1,366,366,0,0,0,0,0,0,35 - 39,Diclofenac,NA,1.002053388090349,0
1,Eunomia GiBleed,2,1,0,1,2,NA,NA,1957,3,3,1098,1098,0,0,0,0,0,0,35 - 39,Diclofenac,NA,3.0061601642710474,0
1,Eunomia GiBleed,2,1,0,1,2,NA,NA,1958,5,5,1830,1830,0,0,0,0,0,0,35 - 39,Diclofenac,NA,5.0102669404517455,0
1,Eunomia GiBleed,2,1,0,1,2,NA,NA,1959,1,1,366,366,0,0,0,0,0,0,35 - 39,Diclofenac,NA,1.002053388090349,0
1,Eunomia GiBleed,2,1,0,1,2,NA,NA,1962,1,1,366,366,0,0,0,0,0,0,35 - 39,Diclofenac,NA,1.002053388090349,0
1,Eunomia GiBleed,2,1,0,1,2,NA,NA,1963,2,2,732,732,0,0,0,0,0,0,35 - 39,Diclofenac,NA,2.004106776180698,0
1,Eunomia GiBleed,2,1,0,1,2,NA,NA,1964,3,3,1098,1098,0,0,0,0,0,0,35 - 39,Diclofenac,NA,3.0061601642710474,0
1,Eunomia GiBleed,2,1,0,1,2,NA,NA,1965,3,3,1098,1098,0,0,0,0,0,0,35 - 39,Diclofenac,NA,3.0061601642710474,0
1,Eunomia GiBleed,2,1,0,1,2,NA,NA,1966,2,2,732,732,0,0,0,0,0,0,35 - 39,Diclofenac,NA,2.004106776180698,0
1,Eunomia GiBleed,2,1,0,1,2,NA,NA,1967,1,1,366,366,0,0,0,0,0,0,35 - 39,Diclofenac,NA,1.002053388090349,0
1,Eunomia GiBleed,2,1,0,1,2,NA,NA,1971,2,2,732,732,0,0,0,0,0,0,35 - 39,Diclofenac,NA,2.004106776180698,0
1,Eunomia GiBleed,2,1,0,1,2,NA,NA,1972,3,3,1098,1098,0,0,0,0,0,0,35 - 39,Diclofenac,NA,3.0061601642710474,0
1,Eunomia GiBleed,2,1,0,1,2,NA,NA,1974,3,3,1098,1098,0,0,0,0,0,0,35 - 39,Diclofenac,NA,3.0061601642710474,0
1,Eunomia GiBleed,2,1,0,1,2,NA,NA,1975,4,4,1464,787,2,2,2,2,50,92.82083862770013,35 - 39,Diclofenac,NA,2.1546885694729636,928.2083862770013
1,Eunomia GiBleed,2,1,0,1,2,NA,NA,1976,6,6,2196,2196,0,0,0,0,0,0,35 - 39,Diclofenac,NA,6.012320328542095,0
1,Eunomia GiBleed,2,1,0,1,2,NA,NA,1977,4,4,1464,1109,1,1,1,1,25,32.935076645626694,35 - 39,Diclofenac,NA,3.0362765229295,329.3507664562669
1,Eunomia GiBleed,2,1,0,1,2,NA,NA,1978,5,5,1830,1830,0,0,0,0,0,0,35 - 39,Diclofenac,NA,5.0102669404517455,0
1,Eunomia GiBleed,2,1,0,1,2,NA,NA,1979,2,2,732,732,0,0,0,0,0,0,35 - 39,Diclofenac,NA,2.004106776180698,0
1,Eunomia GiBleed,2,1,0,1,2,NA,NA,1980,5,5,1830,1541,1,1,1,1,20,23.702141466580144,35 - 39,Diclofenac,NA,4.219028062970568,237.02141466580142
1,Eunomia GiBleed,2,1,0,1,2,NA,NA,1981,6,6,2196,2196,0,0,0,0,0,0,35 - 39,Diclofenac,NA,6.012320328542095,0
1,Eunomia GiBleed,2,1,0,1,2,NA,NA,1982,4,4,1464,1130,1,1,1,1,25,32.323008849557525,35 - 39,Diclofenac,NA,3.0937713894592744,323.2300884955752
1,Eunomia GiBleed,2,1,0,1,2,NA,NA,1983,7,7,2562,2221,1,1,1,1,14.285714285714286,16.44529491220171,35 - 39,Diclofenac,NA,6.080766598220397,164.4529491220171
1,Eunomia GiBleed,2,1,0,1,2,NA,NA,1984,2,2,732,732,0,0,0,0,0,0,35 - 39,Diclofenac,NA,2.004106776180698,0
1,Eunomia GiBleed,2,1,0,1,2,NA,NA,1985,5,5,1830,1473,1,1,1,1,20,24.796334012219962,35 - 39,Diclofenac,NA,4.032854209445585,247.9633401221996
1,Eunomia GiBleed,2,1,0,1,2,NA,NA,1986,10,10,3660,3319,1,1,1,1,10,11.004820729135282,35 - 39,Diclofenac,NA,9.086926762491444,110.04820729135281
1,Eunomia GiBleed,2,1,0,1,2,NA,NA,1987,5,5,1830,1830,0,0,0,0,0,0,35 - 39,Diclofenac,NA,5.0102669404517455,0
1,Eunomia GiBleed,2,1,0,1,2,NA,NA,1988,8,8,2928,2243,2,2,2,2,25,32.56798930004459,35 - 39,Diclofenac,NA,6.140999315537303,325.6798930004459
1,Eunomia GiBleed,2,1,0,1,2,NA,NA,1989,10,10,3660,2685,3,3,3,3,30,40.81005586592179,35 - 39,Diclofenac,NA,7.351129363449692,408.1005586592179
1,Eunomia GiBleed,2,1,0,1,2,NA,NA,1990,7,7,2562,2217,1,1,1,1,14.285714285714286,16.47496617050068,35 - 39,Diclofenac,NA,6.069815195071868,164.7496617050068
1,Eunomia GiBleed,2,1,0,1,2,NA,NA,1991,6,6,2196,2196,0,0,0,0,0,0,35 - 39,Diclofenac,NA,6.012320328542095,0
1,Eunomia GiBleed,2,1,0,1,2,NA,NA,1992,7,7,2562,2253,1,1,1,1,14.285714285714286,16.21171770972037,35 - 39,Diclofenac,NA,6.168377823408624,162.11717709720372
1,Eunomia GiBleed,2,1,0,1,2,NA,NA,1993,4,4,1464,1464,0,0,0,0,0,0,35 - 39,Diclofenac,NA,4.008213552361396,0
1,Eunomia GiBleed,2,1,0,1,2,NA,NA,1994,6,6,2196,1868,1,1,1,1,16.666666666666668,19.552997858672377,35 - 39,Diclofenac,NA,5.114305270362765,195.5299785867238
1,Eunomia GiBleed,2,1,0,1,2,NA,NA,1995,14,14,5124,4817,1,1,1,1,7.142857142857143,7.582520240813785,35 - 39,Diclofenac,NA,13.188227241615332,75.82520240813784
1,Eunomia GiBleed,2,1,0,1,2,NA,NA,1996,7,7,2562,2562,0,0,0,0,0,0,35 - 39,Diclofenac,NA,7.014373716632443,0
1,Eunomia GiBleed,2,1,0,1,2,NA,NA,1997,14,14,5124,4825,1,1,1,1,7.142857142857143,7.569948186528498,35 - 39,Diclofenac,NA,13.210130047912388,75.69948186528498
1,Eunomia GiBleed,2,1,0,1,2,NA,NA,1998,6,6,2196,2196,0,0,0,0,0,0,35 - 39,Diclofenac,NA,6.012320328542095,0
1,Eunomia GiBleed,2,1,0,1,2,NA,NA,1999,14,14,5124,4141,3,3,3,3,21.428571428571427,26.46099975851244,35 - 39,Diclofenac,NA,11.33744010951403,264.6099975851244
1,Eunomia GiBleed,2,1,0,1,2,NA,NA,2000,14,14,5124,4492,2,2,2,2,14.285714285714286,16.262243989314335,35 - 39,Diclofenac,NA,12.2984257357974,162.62243989314337
1,Eunomia GiBleed,2,1,0,1,2,NA,NA,2001,15,15,5490,4164,4,4,4,4,26.666666666666668,35.086455331412104,35 - 39,Diclofenac,NA,11.40041067761807,350.86455331412105
1,Eunomia GiBleed,2,1,0,1,2,NA,NA,2002,14,14,5124,4824,1,1,1,1,7.142857142857143,7.571517412935323,35 - 39,Diclofenac,NA,13.207392197125257,75.71517412935323
1,Eunomia GiBleed,2,1,0,1,2,NA,NA,2003,11,11,4026,2731,4,4,4,4,36.36363636363637,53.49688758696448,35 - 39,Diclofenac,NA,7.477070499657769,534.9688758696448
1,Eunomia GiBleed,2,1,0,1,2,NA,NA,2004,12,12,4392,4096,1,1,1,1,8.333333333333334,8.917236328125,35 - 39,Diclofenac,NA,11.214236824093087,89.17236328125
1,Eunomia GiBleed,2,1,0,1,2,NA,NA,2005,11,11,4026,3692,1,1,1,1,9.090909090909092,9.893011917659805,35 - 39,Diclofenac,NA,10.108145106091717,98.93011917659805
1,Eunomia GiBleed,2,1,0,1,2,NA,NA,2006,8,8,2928,2270,2,2,2,2,25,32.180616740088105,35 - 39,Diclofenac,NA,6.2149212867898695,321.80616740088107
1,Eunomia GiBleed,2,1,0,1,2,NA,NA,2007,12,12,4392,4094,1,1,1,1,8.333333333333334,8.921592574499268,35 - 39,Diclofenac,NA,11.208761122518823,89.21592574499267
1,Eunomia GiBleed,2,1,0,1,2,NA,NA,2008,7,7,2562,2273,1,1,1,1,14.285714285714286,16.06907171139463,35 - 39,Diclofenac,NA,6.223134839151267,160.6907171139463
1,Eunomia GiBleed,2,1,0,1,2,NA,NA,2009,14,14,5124,4231,3,3,3,3,21.428571428571427,25.898132829118413,35 - 39,Diclofenac,NA,11.58384668035592,258.9813282911841
1,Eunomia GiBleed,2,1,0,1,2,NA,NA,2010,8,8,2928,1729,4,4,4,4,50,84.4997108155003,35 - 39,Diclofenac,NA,4.733744010951403,844.9971081550029
1,Eunomia GiBleed,2,1,0,1,2,NA,NA,2011,10,10,3660,2701,3,3,3,3,30,40.56830803406146,35 - 39,Diclofenac,NA,7.394934976043806,405.6830803406146
1,Eunomia GiBleed,2,1,0,1,2,NA,NA,2012,10,10,3660,3352,1,1,1,1,10,10.896479713603819,35 - 39,Diclofenac,NA,9.177275838466803,108.96479713603819
1,Eunomia GiBleed,2,1,0,1,2,NA,NA,2013,9,9,3294,2976,1,1,1,1,11.11111111111111,12.273185483870968,35 - 39,Diclofenac,NA,8.147843942505133,122.73185483870968
1,Eunomia GiBleed,2,1,0,1,2,NA,NA,2014,15,15,5490,4853,2,2,2,2,13.333333333333334,15.052544817638573,35 - 39,Diclofenac,NA,13.286789869952088,150.52544817638574
1,Eunomia GiBleed,2,1,0,1,2,NA,NA,2015,8,8,2928,2299,2,2,2,2,25,31.77468464549804,35 - 39,Diclofenac,NA,6.294318959616701,317.7468464549804
1,Eunomia GiBleed,2,1,0,1,2,NA,NA,2016,8,8,2599,2239,1,1,1,1,12.5,16.31308619919607,35 - 39,Diclofenac,NA,6.1300479123887746,163.1308619919607
1,Eunomia GiBleed,2,1,0,1,2,NA,NA,2017,5,5,1572,1102,2,2,2,2,40,66.2885662431942,35 - 39,Diclofenac,NA,3.0171115674195756,662.8856624319419
1,Eunomia GiBleed,2,1,0,1,2,NA,NA,2018,6,6,1600,1600,0,0,0,0,0,0,35 - 39,Diclofenac,NA,4.380561259411362,0
1,Eunomia GiBleed,2,1,0,1,2,NA,NA,2019,1,1,71,71,0,0,0,0,0,0,35 - 39,Diclofenac,NA,0.1943874058863792,0
1,Eunomia GiBleed,2,1,0,1,3,NA,NA,1948,1,1,366,366,0,0,0,0,0,0,40 - 44,Diclofenac,NA,1.002053388090349,0
1,Eunomia GiBleed,2,1,0,1,3,NA,NA,1952,1,1,366,366,0,0,0,0,0,0,40 - 44,Diclofenac,NA,1.002053388090349,0
1,Eunomia GiBleed,2,1,0,1,3,NA,NA,1953,3,3,1098,1098,0,0,0,0,0,0,40 - 44,Diclofenac,NA,3.0061601642710474,0
1,Eunomia GiBleed,2,1,0,1,3,NA,NA,1954,2,2,732,732,0,0,0,0,0,0,40 - 44,Diclofenac,NA,2.004106776180698,0
1,Eunomia GiBleed,2,1,0,1,3,NA,NA,1955,1,1,366,366,0,0,0,0,0,0,40 - 44,Diclofenac,NA,1.002053388090349,0
1,Eunomia GiBleed,2,1,0,1,3,NA,NA,1957,1,1,366,59,1,1,1,1,100,619.0677966101695,40 - 44,Diclofenac,NA,0.16153319644079397,6190.677966101695
1,Eunomia GiBleed,2,1,0,1,3,NA,NA,1958,1,1,366,39,1,1,1,1,100,936.5384615384615,40 - 44,Diclofenac,NA,0.10677618069815195,9365.384615384615
1,Eunomia GiBleed,2,1,0,1,3,NA,NA,1960,2,2,732,423,1,1,1,1,50,86.34751773049645,40 - 44,Diclofenac,NA,1.158110882956879,863.4751773049645
1,Eunomia GiBleed,2,1,0,1,3,NA,NA,1961,3,3,1098,780,1,1,1,1,33.333333333333336,46.82692307692307,40 - 44,Diclofenac,NA,2.135523613963039,468.2692307692307
1,Eunomia GiBleed,2,1,0,1,3,NA,NA,1962,1,1,366,366,0,0,0,0,0,0,40 - 44,Diclofenac,NA,1.002053388090349,0
1,Eunomia GiBleed,2,1,0,1,3,NA,NA,1963,4,4,1464,1464,0,0,0,0,0,0,40 - 44,Diclofenac,NA,4.008213552361396,0
1,Eunomia GiBleed,2,1,0,1,3,NA,NA,1964,3,3,1098,776,1,1,1,1,33.333333333333336,47.06829896907217,40 - 44,Diclofenac,NA,2.1245722108145104,470.6829896907217
1,Eunomia GiBleed,2,1,0,1,3,NA,NA,1965,2,2,732,392,1,1,1,1,50,93.17602040816327,40 - 44,Diclofenac,NA,1.0732375085557837,931.7602040816327
1,Eunomia GiBleed,2,1,0,1,3,NA,NA,1969,1,1,366,366,0,0,0,0,0,0,40 - 44,Diclofenac,NA,1.002053388090349,0
1,Eunomia GiBleed,2,1,0,1,3,NA,NA,1970,2,2,732,393,1,1,1,1,50,92.93893129770993,40 - 44,Diclofenac,NA,1.0759753593429158,929.3893129770993
1,Eunomia GiBleed,2,1,0,1,3,NA,NA,1971,1,1,366,366,0,0,0,0,0,0,40 - 44,Diclofenac,NA,1.002053388090349,0
1,Eunomia GiBleed,2,1,0,1,3,NA,NA,1972,1,1,366,366,0,0,0,0,0,0,40 - 44,Diclofenac,NA,1.002053388090349,0
1,Eunomia GiBleed,2,1,0,1,3,NA,NA,1973,1,1,366,18,1,1,1,1,100,2029.1666666666665,40 - 44,Diclofenac,NA,0.049281314168377825,20291.666666666664
1,Eunomia GiBleed,2,1,0,1,3,NA,NA,1975,3,3,1098,744,1,1,1,1,33.333333333333336,49.09274193548387,40 - 44,Diclofenac,NA,2.0369609856262834,490.9274193548387
1,Eunomia GiBleed,2,1,0,1,3,NA,NA,1976,1,1,366,366,0,0,0,0,0,0,40 - 44,Diclofenac,NA,1.002053388090349,0
1,Eunomia GiBleed,2,1,0,1,3,NA,NA,1977,2,2,732,384,1,1,1,1,50,95.1171875,40 - 44,Diclofenac,NA,1.051334702258727,951.171875
1,Eunomia GiBleed,2,1,0,1,3,NA,NA,1978,1,1,366,366,0,0,0,0,0,0,40 - 44,Diclofenac,NA,1.002053388090349,0
1,Eunomia GiBleed,2,1,0,1,3,NA,NA,1980,5,5,1830,1484,1,1,1,1,20,24.612533692722373,40 - 44,Diclofenac,NA,4.0629705681040384,246.1253369272237
1,Eunomia GiBleed,2,1,0,1,3,NA,NA,1981,4,4,1464,1464,0,0,0,0,0,0,40 - 44,Diclofenac,NA,4.008213552361396,0
1,Eunomia GiBleed,2,1,0,1,3,NA,NA,1982,2,2,732,732,0,0,0,0,0,0,40 - 44,Diclofenac,NA,2.004106776180698,0
1,Eunomia GiBleed,2,1,0,1,3,NA,NA,1983,1,1,366,366,0,0,0,0,0,0,40 - 44,Diclofenac,NA,1.002053388090349,0
1,Eunomia GiBleed,2,1,0,1,3,NA,NA,1984,3,3,1098,1098,0,0,0,0,0,0,40 - 44,Diclofenac,NA,3.0061601642710474,0
1,Eunomia GiBleed,2,1,0,1,3,NA,NA,1985,3,3,1098,738,1,1,1,1,33.333333333333336,49.49186991869918,40 - 44,Diclofenac,NA,2.020533880903491,494.91869918699183
1,Eunomia GiBleed,2,1,0,1,3,NA,NA,1986,7,7,2562,1869,2,2,2,2,28.571428571428573,39.08507223113965,40 - 44,Diclofenac,NA,5.117043121149897,390.8507223113965
1,Eunomia GiBleed,2,1,0,1,3,NA,NA,1987,7,7,2562,2562,0,0,0,0,0,0,40 - 44,Diclofenac,NA,7.014373716632443,0
1,Eunomia GiBleed,2,1,0,1,3,NA,NA,1988,5,5,1830,1830,0,0,0,0,0,0,40 - 44,Diclofenac,NA,5.0102669404517455,0
1,Eunomia GiBleed,2,1,0,1,3,NA,NA,1989,2,2,732,732,0,0,0,0,0,0,40 - 44,Diclofenac,NA,2.004106776180698,0
1,Eunomia GiBleed,2,1,0,1,3,NA,NA,1990,7,7,2562,2246,1,1,1,1,14.285714285714286,16.262243989314335,40 - 44,Diclofenac,NA,6.1492128678987,162.62243989314337
1,Eunomia GiBleed,2,1,0,1,3,NA,NA,1991,2,2,732,732,0,0,0,0,0,0,40 - 44,Diclofenac,NA,2.004106776180698,0
1,Eunomia GiBleed,2,1,0,1,3,NA,NA,1992,3,3,1098,1098,0,0,0,0,0,0,40 - 44,Diclofenac,NA,3.0061601642710474,0
1,Eunomia GiBleed,2,1,0,1,3,NA,NA,1993,7,7,2562,2241,1,1,1,1,14.285714285714286,16.29852744310576,40 - 44,Diclofenac,NA,6.135523613963039,162.98527443105758
1,Eunomia GiBleed,2,1,0,1,3,NA,NA,1994,10,10,3660,3058,2,2,2,2,20,23.888162197514713,40 - 44,Diclofenac,NA,8.372347707049967,238.88162197514714
1,Eunomia GiBleed,2,1,0,1,3,NA,NA,1995,8,8,2928,1913,3,3,3,3,37.5,57.279142707788814,40 - 44,Diclofenac,NA,5.23750855578371,572.7914270778881
1,Eunomia GiBleed,2,1,0,1,3,NA,NA,1996,8,8,2928,2583,1,1,1,1,12.5,14.140534262485483,40 - 44,Diclofenac,NA,7.0718685831622174,141.40534262485482
1,Eunomia GiBleed,2,1,0,1,3,NA,NA,1997,10,10,3660,3660,0,0,0,0,0,0,40 - 44,Diclofenac,NA,10.020533880903491,0
1,Eunomia GiBleed,2,1,0,1,3,NA,NA,1998,11,11,4026,4026,0,0,0,0,0,0,40 - 44,Diclofenac,NA,11.02258726899384,0
1,Eunomia GiBleed,2,1,0,1,3,NA,NA,1999,9,9,3294,2991,1,1,1,1,11.11111111111111,12.211634904714142,40 - 44,Diclofenac,NA,8.188911704312115,122.11634904714141
1,Eunomia GiBleed,2,1,0,1,3,NA,NA,2000,4,4,1464,835,2,2,2,2,50,87.48502994011976,40 - 44,Diclofenac,NA,2.2861054072553046,874.8502994011976
1,Eunomia GiBleed,2,1,0,1,3,NA,NA,2001,5,5,1830,1475,1,1,1,1,20,24.76271186440678,40 - 44,Diclofenac,NA,4.03832991101985,247.62711864406776
1,Eunomia GiBleed,2,1,0,1,3,NA,NA,2002,8,8,2928,2928,0,0,0,0,0,0,40 - 44,Diclofenac,NA,8.016427104722792,0
1,Eunomia GiBleed,2,1,0,1,3,NA,NA,2003,17,17,6222,5295,3,3,3,3,17.647058823529413,20.694050991501417,40 - 44,Diclofenac,NA,14.496919917864476,206.94050991501416
1,Eunomia GiBleed,2,1,0,1,3,NA,NA,2004,7,7,2562,2562,0,0,0,0,0,0,40 - 44,Diclofenac,NA,7.014373716632443,0
1,Eunomia GiBleed,2,1,0,1,3,NA,NA,2005,8,8,2928,2224,2,2,2,2,25,32.84622302158273,40 - 44,Diclofenac,NA,6.0889801505817935,328.46223021582733
1,Eunomia GiBleed,2,1,0,1,3,NA,NA,2006,10,10,3660,3341,1,1,1,1,10,10.93235558216103,40 - 44,Diclofenac,NA,9.14715947980835,109.3235558216103
1,Eunomia GiBleed,2,1,0,1,3,NA,NA,2007,8,8,2928,2284,2,2,2,2,25,31.98336252189142,40 - 44,Diclofenac,NA,6.253251197809719,319.83362521891416
1,Eunomia GiBleed,2,1,0,1,3,NA,NA,2008,10,10,3660,2349,4,4,4,4,40,62.19667943805875,40 - 44,Diclofenac,NA,6.431211498973306,621.9667943805875
1,Eunomia GiBleed,2,1,0,1,3,NA,NA,2009,8,8,2928,2578,1,1,1,1,12.5,14.167959658650117,40 - 44,Diclofenac,NA,7.058179329226557,141.67959658650116
1,Eunomia GiBleed,2,1,0,1,3,NA,NA,2010,10,10,3660,3001,2,2,2,2,20,24.341886037987337,40 - 44,Diclofenac,NA,8.216290212183436,243.41886037987337
1,Eunomia GiBleed,2,1,0,1,3,NA,NA,2011,3,3,1098,818,1,1,1,1,33.333333333333336,44.65158924205379,40 - 44,Diclofenac,NA,2.239561943874059,446.51589242053785
1,Eunomia GiBleed,2,1,0,1,3,NA,NA,2012,4,4,1464,1464,0,0,0,0,0,0,40 - 44,Diclofenac,NA,4.008213552361396,0
1,Eunomia GiBleed,2,1,0,1,3,NA,NA,2013,10,10,3660,3303,1,1,1,1,10,11.058128973660308,40 - 44,Diclofenac,NA,9.043121149897331,110.58128973660308
1,Eunomia GiBleed,2,1,0,1,3,NA,NA,2014,7,7,2562,2252,1,1,1,1,14.285714285714286,16.218916518650087,40 - 44,Diclofenac,NA,6.165639972621492,162.18916518650087
1,Eunomia GiBleed,2,1,0,1,3,NA,NA,2015,5,5,1830,1830,0,0,0,0,0,0,40 - 44,Diclofenac,NA,5.0102669404517455,0
1,Eunomia GiBleed,2,1,0,1,3,NA,NA,2016,8,8,2786,2786,0,0,0,0,0,0,40 - 44,Diclofenac,NA,7.627652292950034,0
1,Eunomia GiBleed,2,1,0,1,3,NA,NA,2017,6,6,1906,1897,1,1,1,1,16.666666666666668,19.25408539799684,40 - 44,Diclofenac,NA,5.193702943189596,192.54085397996838
1,Eunomia GiBleed,2,1,0,1,3,NA,NA,2018,5,5,946,946,0,0,0,0,0,0,40 - 44,Diclofenac,NA,2.5900068446269677,0
1,Eunomia GiBleed,2,1,0,1,3,NA,NA,2019,1,1,73,72,1,1,1,1,100,507.29166666666663,40 - 44,Diclofenac,NA,0.1971252566735113,5072.916666666666
1,Eunomia GiBleed,2,1,0,1,4,NA,NA,1981,1,1,366,25,1,1,1,1,100,1461,>=45,Diclofenac,NA,0.06844626967830253,14610
1,Eunomia GiBleed,2,1,0,1,4,NA,NA,1982,1,1,366,84,1,1,1,1,100,434.82142857142856,>=45,Diclofenac,NA,0.2299794661190965,4348.214285714286
1,Eunomia GiBleed,2,1,0,1,4,NA,NA,1984,1,1,366,366,0,0,0,0,0,0,>=45,Diclofenac,NA,1.002053388090349,0
1,Eunomia GiBleed,2,1,0,1,4,NA,NA,1989,1,1,366,366,0,0,0,0,0,0,>=45,Diclofenac,NA,1.002053388090349,0
1,Eunomia GiBleed,2,1,0,1,4,NA,NA,1992,1,1,366,366,0,0,0,0,0,0,>=45,Diclofenac,NA,1.002053388090349,0
1,Eunomia GiBleed,2,1,0,1,4,NA,NA,1994,1,1,366,17,1,1,1,1,100,2148.529411764706,>=45,Diclofenac,NA,0.04654346338124572,21485.29411764706
1,Eunomia GiBleed,2,1,0,1,4,NA,NA,1995,1,1,366,366,0,0,0,0,0,0,>=45,Diclofenac,NA,1.002053388090349,0
1,Eunomia GiBleed,2,1,0,1,4,NA,NA,1996,1,1,366,366,0,0,0,0,0,0,>=45,Diclofenac,NA,1.002053388090349,0
1,Eunomia GiBleed,2,1,0,1,4,NA,NA,1997,1,1,366,366,0,0,0,0,0,0,>=45,Diclofenac,NA,1.002053388090349,0
1,Eunomia GiBleed,2,1,0,1,4,NA,NA,1998,3,3,1098,811,1,1,1,1,33.333333333333336,45.03699136868064,>=45,Diclofenac,NA,2.220396988364134,450.3699136868064
1,Eunomia GiBleed,2,1,0,1,4,NA,NA,1999,1,1,366,366,0,0,0,0,0,0,>=45,Diclofenac,NA,1.002053388090349,0
1,Eunomia GiBleed,2,1,0,1,4,NA,NA,2001,2,2,732,456,1,1,1,1,50,80.09868421052632,>=45,Diclofenac,NA,1.2484599589322383,800.9868421052631
1,Eunomia GiBleed,2,1,0,1,4,NA,NA,2002,1,1,366,366,0,0,0,0,0,0,>=45,Diclofenac,NA,1.002053388090349,0
1,Eunomia GiBleed,2,1,0,1,4,NA,NA,2004,1,1,366,366,0,0,0,0,0,0,>=45,Diclofenac,NA,1.002053388090349,0
1,Eunomia GiBleed,2,1,0,1,4,NA,NA,2009,2,2,732,399,1,1,1,1,50,91.54135338345864,>=45,Diclofenac,NA,1.0924024640657084,915.4135338345865
1,Eunomia GiBleed,2,1,0,1,4,NA,NA,2010,2,2,732,451,1,1,1,1,50,80.98669623059867,>=45,Diclofenac,NA,1.2347707049965777,809.8669623059867
1,Eunomia GiBleed,2,1,0,1,4,NA,NA,2013,1,1,366,366,0,0,0,0,0,0,>=45,Diclofenac,NA,1.002053388090349,0
1,Eunomia GiBleed,2,1,0,1,4,NA,NA,2017,4,4,1246,1246,0,0,0,0,0,0,>=45,Diclofenac,NA,3.4113620807665983,0
1,Eunomia GiBleed,2,1,0,1,1,8507,MALE,1952,1,1,366,366,0,0,0,0,0,0,<35,Diclofenac,Male,1.002053388090349,0
1,Eunomia GiBleed,2,1,0,1,1,8507,MALE,1955,1,1,366,85,1,1,1,1,100,429.7058823529412,<35,Diclofenac,Male,0.2327173169062286,4297.058823529412
1,Eunomia GiBleed,2,1,0,1,1,8507,MALE,1968,1,1,366,366,0,0,0,0,0,0,<35,Diclofenac,Male,1.002053388090349,0
1,Eunomia GiBleed,2,1,0,1,1,8507,MALE,1973,1,1,366,366,0,0,0,0,0,0,<35,Diclofenac,Male,1.002053388090349,0
1,Eunomia GiBleed,2,1,0,1,1,8507,MALE,1975,1,1,366,366,0,0,0,0,0,0,<35,Diclofenac,Male,1.002053388090349,0
1,Eunomia GiBleed,2,1,0,1,1,8507,MALE,1976,1,1,366,366,0,0,0,0,0,0,<35,Diclofenac,Male,1.002053388090349,0
1,Eunomia GiBleed,2,1,0,1,1,8507,MALE,1977,2,2,732,732,0,0,0,0,0,0,<35,Diclofenac,Male,2.004106776180698,0
1,Eunomia GiBleed,2,1,0,1,1,8507,MALE,1979,1,1,366,366,0,0,0,0,0,0,<35,Diclofenac,Male,1.002053388090349,0
1,Eunomia GiBleed,2,1,0,1,1,8507,MALE,1981,3,3,862,778,1,1,1,1,33.333333333333336,46.94730077120822,<35,Diclofenac,Male,2.130047912388775,469.4730077120822
1,Eunomia GiBleed,2,1,0,1,1,8507,MALE,1982,1,1,366,366,0,0,0,0,0,0,<35,Diclofenac,Male,1.002053388090349,0
1,Eunomia GiBleed,2,1,0,1,1,8507,MALE,1984,1,1,366,80,1,1,1,1,100,456.5625,<35,Diclofenac,Male,0.2190280629705681,4565.625
1,Eunomia GiBleed,2,1,0,1,1,8507,MALE,1987,1,1,366,366,0,0,0,0,0,0,<35,Diclofenac,Male,1.002053388090349,0
1,Eunomia GiBleed,2,1,0,1,1,8507,MALE,1988,1,1,366,366,0,0,0,0,0,0,<35,Diclofenac,Male,1.002053388090349,0
1,Eunomia GiBleed,2,1,0,1,1,8507,MALE,1989,2,2,732,732,0,0,0,0,0,0,<35,Diclofenac,Male,2.004106776180698,0
1,Eunomia GiBleed,2,1,0,1,1,8507,MALE,1990,1,1,366,366,0,0,0,0,0,0,<35,Diclofenac,Male,1.002053388090349,0
1,Eunomia GiBleed,2,1,0,1,1,8507,MALE,1991,1,1,366,366,0,0,0,0,0,0,<35,Diclofenac,Male,1.002053388090349,0
1,Eunomia GiBleed,2,1,0,1,1,8507,MALE,1992,1,1,366,366,0,0,0,0,0,0,<35,Diclofenac,Male,1.002053388090349,0
1,Eunomia GiBleed,2,1,0,1,1,8507,MALE,1993,2,2,732,732,0,0,0,0,0,0,<35,Diclofenac,Male,2.004106776180698,0
1,Eunomia GiBleed,2,1,0,1,1,8507,MALE,1994,1,1,366,366,0,0,0,0,0,0,<35,Diclofenac,Male,1.002053388090349,0
1,Eunomia GiBleed,2,1,0,1,1,8507,MALE,1996,1,1,366,366,0,0,0,0,0,0,<35,Diclofenac,Male,1.002053388090349,0
1,Eunomia GiBleed,2,1,0,1,1,8507,MALE,1998,1,1,366,366,0,0,0,0,0,0,<35,Diclofenac,Male,1.002053388090349,0
1,Eunomia GiBleed,2,1,0,1,1,8507,MALE,1999,3,3,1098,774,1,1,1,1,33.333333333333336,47.189922480620154,<35,Diclofenac,Male,2.1190965092402463,471.8992248062016
1,Eunomia GiBleed,2,1,0,1,1,8507,MALE,2000,3,3,1098,1098,0,0,0,0,0,0,<35,Diclofenac,Male,3.0061601642710474,0
1,Eunomia GiBleed,2,1,0,1,1,8507,MALE,2002,4,4,1464,1180,1,1,1,1,25,30.953389830508474,<35,Diclofenac,Male,3.2306639288158796,309.53389830508473
1,Eunomia GiBleed,2,1,0,1,1,8507,MALE,2004,2,2,732,732,0,0,0,0,0,0,<35,Diclofenac,Male,2.004106776180698,0
1,Eunomia GiBleed,2,1,0,1,1,8507,MALE,2005,1,1,366,366,0,0,0,0,0,0,<35,Diclofenac,Male,1.002053388090349,0
1,Eunomia GiBleed,2,1,0,1,1,8507,MALE,2006,1,1,366,366,0,0,0,0,0,0,<35,Diclofenac,Male,1.002053388090349,0
1,Eunomia GiBleed,2,1,0,1,1,8507,MALE,2011,4,4,1464,1464,0,0,0,0,0,0,<35,Diclofenac,Male,4.008213552361396,0
1,Eunomia GiBleed,2,1,0,1,1,8507,MALE,2012,1,1,366,366,0,0,0,0,0,0,<35,Diclofenac,Male,1.002053388090349,0
1,Eunomia GiBleed,2,1,0,1,1,8532,FEMALE,1943,1,1,366,366,0,0,0,0,0,0,<35,Diclofenac,Female,1.002053388090349,0
1,Eunomia GiBleed,2,1,0,1,1,8532,FEMALE,1950,1,1,366,70,1,1,1,1,100,521.7857142857143,<35,Diclofenac,Female,0.19164955509924708,5217.857142857143
1,Eunomia GiBleed,2,1,0,1,1,8532,FEMALE,1953,1,1,366,49,1,1,1,1,100,745.4081632653061,<35,Diclofenac,Female,0.13415468856947296,7454.081632653061
1,Eunomia GiBleed,2,1,0,1,1,8532,FEMALE,1968,1,1,366,366,0,0,0,0,0,0,<35,Diclofenac,Female,1.002053388090349,0
1,Eunomia GiBleed,2,1,0,1,1,8532,FEMALE,1970,1,1,366,366,0,0,0,0,0,0,<35,Diclofenac,Female,1.002053388090349,0
1,Eunomia GiBleed,2,1,0,1,1,8532,FEMALE,1972,1,1,366,366,0,0,0,0,0,0,<35,Diclofenac,Female,1.002053388090349,0
1,Eunomia GiBleed,2,1,0,1,1,8532,FEMALE,1974,1,1,366,366,0,0,0,0,0,0,<35,Diclofenac,Female,1.002053388090349,0
1,Eunomia GiBleed,2,1,0,1,1,8532,FEMALE,1976,1,1,366,366,0,0,0,0,0,0,<35,Diclofenac,Female,1.002053388090349,0
1,Eunomia GiBleed,2,1,0,1,1,8532,FEMALE,1978,1,1,366,366,0,0,0,0,0,0,<35,Diclofenac,Female,1.002053388090349,0
1,Eunomia GiBleed,2,1,0,1,1,8532,FEMALE,1979,1,1,366,366,0,0,0,0,0,0,<35,Diclofenac,Female,1.002053388090349,0
1,Eunomia GiBleed,2,1,0,1,1,8532,FEMALE,1985,2,2,732,732,0,0,0,0,0,0,<35,Diclofenac,Female,2.004106776180698,0
1,Eunomia GiBleed,2,1,0,1,1,8532,FEMALE,1986,2,2,732,732,0,0,0,0,0,0,<35,Diclofenac,Female,2.004106776180698,0
1,Eunomia GiBleed,2,1,0,1,1,8532,FEMALE,1987,1,1,366,366,0,0,0,0,0,0,<35,Diclofenac,Female,1.002053388090349,0
1,Eunomia GiBleed,2,1,0,1,1,8532,FEMALE,1990,1,1,366,366,0,0,0,0,0,0,<35,Diclofenac,Female,1.002053388090349,0
1,Eunomia GiBleed,2,1,0,1,1,8532,FEMALE,1991,3,3,1098,1098,0,0,0,0,0,0,<35,Diclofenac,Female,3.0061601642710474,0
1,Eunomia GiBleed,2,1,0,1,1,8532,FEMALE,1992,1,1,366,9,1,1,1,1,100,4058.333333333333,<35,Diclofenac,Female,0.024640657084188913,40583.33333333333
1,Eunomia GiBleed,2,1,0,1,1,8532,FEMALE,1993,2,2,732,732,0,0,0,0,0,0,<35,Diclofenac,Female,2.004106776180698,0
1,Eunomia GiBleed,2,1,0,1,1,8532,FEMALE,1994,1,1,366,366,0,0,0,0,0,0,<35,Diclofenac,Female,1.002053388090349,0
1,Eunomia GiBleed,2,1,0,1,1,8532,FEMALE,1995,1,1,366,366,0,0,0,0,0,0,<35,Diclofenac,Female,1.002053388090349,0
1,Eunomia GiBleed,2,1,0,1,1,8532,FEMALE,1997,2,2,732,732,0,0,0,0,0,0,<35,Diclofenac,Female,2.004106776180698,0
1,Eunomia GiBleed,2,1,0,1,1,8532,FEMALE,1998,1,1,366,366,0,0,0,0,0,0,<35,Diclofenac,Female,1.002053388090349,0
1,Eunomia GiBleed,2,1,0,1,1,8532,FEMALE,1999,1,1,366,366,0,0,0,0,0,0,<35,Diclofenac,Female,1.002053388090349,0
1,Eunomia GiBleed,2,1,0,1,1,8532,FEMALE,2000,2,2,732,732,0,0,0,0,0,0,<35,Diclofenac,Female,2.004106776180698,0
1,Eunomia GiBleed,2,1,0,1,1,8532,FEMALE,2001,1,1,366,366,0,0,0,0,0,0,<35,Diclofenac,Female,1.002053388090349,0
1,Eunomia GiBleed,2,1,0,1,1,8532,FEMALE,2002,1,1,366,366,0,0,0,0,0,0,<35,Diclofenac,Female,1.002053388090349,0
1,Eunomia GiBleed,2,1,0,1,1,8532,FEMALE,2003,3,3,1098,1098,0,0,0,0,0,0,<35,Diclofenac,Female,3.0061601642710474,0
1,Eunomia GiBleed,2,1,0,1,1,8532,FEMALE,2005,1,1,366,366,0,0,0,0,0,0,<35,Diclofenac,Female,1.002053388090349,0
1,Eunomia GiBleed,2,1,0,1,1,8532,FEMALE,2007,3,3,1098,800,1,1,1,1,33.333333333333336,45.65625,<35,Diclofenac,Female,2.190280629705681,456.5625
1,Eunomia GiBleed,2,1,0,1,1,8532,FEMALE,2008,1,1,366,366,0,0,0,0,0,0,<35,Diclofenac,Female,1.002053388090349,0
1,Eunomia GiBleed,2,1,0,1,1,8532,FEMALE,2009,2,2,732,413,1,1,1,1,50,88.43825665859565,<35,Diclofenac,Female,1.1307323750855578,884.3825665859564
1,Eunomia GiBleed,2,1,0,1,1,8532,FEMALE,2010,1,1,366,366,0,0,0,0,0,0,<35,Diclofenac,Female,1.002053388090349,0
1,Eunomia GiBleed,2,1,0,1,1,8532,FEMALE,2011,2,2,732,391,1,1,1,1,50,93.41432225063939,<35,Diclofenac,Female,1.0704996577686516,934.1432225063938
1,Eunomia GiBleed,2,1,0,1,1,8532,FEMALE,2012,1,1,366,70,1,1,1,1,100,521.7857142857143,<35,Diclofenac,Female,0.19164955509924708,5217.857142857143
1,Eunomia GiBleed,2,1,0,1,1,8532,FEMALE,2013,2,2,732,402,1,1,1,1,50,90.85820895522387,<35,Diclofenac,Female,1.1006160164271048,908.5820895522387
1,Eunomia GiBleed,2,1,0,1,1,8532,FEMALE,2014,1,1,366,366,0,0,0,0,0,0,<35,Diclofenac,Female,1.002053388090349,0
1,Eunomia GiBleed,2,1,0,1,1,8532,FEMALE,2015,1,1,366,366,0,0,0,0,0,0,<35,Diclofenac,Female,1.002053388090349,0
1,Eunomia GiBleed,2,1,0,1,1,8532,FEMALE,2016,2,2,544,544,0,0,0,0,0,0,<35,Diclofenac,Female,1.4893908281998631,0
1,Eunomia GiBleed,2,1,0,1,1,8532,FEMALE,2018,2,2,403,402,1,1,1,1,50,90.85820895522387,<35,Diclofenac,Female,1.1006160164271048,908.5820895522387
1,Eunomia GiBleed,2,1,0,1,2,8507,MALE,1948,2,2,732,732,0,0,0,0,0,0,35 - 39,Diclofenac,Male,2.004106776180698,0
1,Eunomia GiBleed,2,1,0,1,2,8507,MALE,1950,1,1,366,366,0,0,0,0,0,0,35 - 39,Diclofenac,Male,1.002053388090349,0
1,Eunomia GiBleed,2,1,0,1,2,8507,MALE,1957,1,1,366,366,0,0,0,0,0,0,35 - 39,Diclofenac,Male,1.002053388090349,0
1,Eunomia GiBleed,2,1,0,1,2,8507,MALE,1958,3,3,1098,1098,0,0,0,0,0,0,35 - 39,Diclofenac,Male,3.0061601642710474,0
1,Eunomia GiBleed,2,1,0,1,2,8507,MALE,1959,1,1,366,366,0,0,0,0,0,0,35 - 39,Diclofenac,Male,1.002053388090349,0
1,Eunomia GiBleed,2,1,0,1,2,8507,MALE,1963,2,2,732,732,0,0,0,0,0,0,35 - 39,Diclofenac,Male,2.004106776180698,0
1,Eunomia GiBleed,2,1,0,1,2,8507,MALE,1964,1,1,366,366,0,0,0,0,0,0,35 - 39,Diclofenac,Male,1.002053388090349,0
1,Eunomia GiBleed,2,1,0,1,2,8507,MALE,1965,1,1,366,366,0,0,0,0,0,0,35 - 39,Diclofenac,Male,1.002053388090349,0
1,Eunomia GiBleed,2,1,0,1,2,8507,MALE,1966,1,1,366,366,0,0,0,0,0,0,35 - 39,Diclofenac,Male,1.002053388090349,0
1,Eunomia GiBleed,2,1,0,1,2,8507,MALE,1971,1,1,366,366,0,0,0,0,0,0,35 - 39,Diclofenac,Male,1.002053388090349,0
1,Eunomia GiBleed,2,1,0,1,2,8507,MALE,1972,2,2,732,732,0,0,0,0,0,0,35 - 39,Diclofenac,Male,2.004106776180698,0
1,Eunomia GiBleed,2,1,0,1,2,8507,MALE,1974,1,1,366,366,0,0,0,0,0,0,35 - 39,Diclofenac,Male,1.002053388090349,0
1,Eunomia GiBleed,2,1,0,1,2,8507,MALE,1975,3,3,1098,760,1,1,1,1,33.333333333333336,48.059210526315795,35 - 39,Diclofenac,Male,2.080766598220397,480.5921052631579
1,Eunomia GiBleed,2,1,0,1,2,8507,MALE,1976,3,3,1098,1098,0,0,0,0,0,0,35 - 39,Diclofenac,Male,3.0061601642710474,0
1,Eunomia GiBleed,2,1,0,1,2,8507,MALE,1977,1,1,366,366,0,0,0,0,0,0,35 - 39,Diclofenac,Male,1.002053388090349,0
1,Eunomia GiBleed,2,1,0,1,2,8507,MALE,1978,4,4,1464,1464,0,0,0,0,0,0,35 - 39,Diclofenac,Male,4.008213552361396,0
1,Eunomia GiBleed,2,1,0,1,2,8507,MALE,1979,2,2,732,732,0,0,0,0,0,0,35 - 39,Diclofenac,Male,2.004106776180698,0
1,Eunomia GiBleed,2,1,0,1,2,8507,MALE,1980,2,2,732,732,0,0,0,0,0,0,35 - 39,Diclofenac,Male,2.004106776180698,0
1,Eunomia GiBleed,2,1,0,1,2,8507,MALE,1981,5,5,1830,1830,0,0,0,0,0,0,35 - 39,Diclofenac,Male,5.0102669404517455,0
1,Eunomia GiBleed,2,1,0,1,2,8507,MALE,1982,1,1,366,366,0,0,0,0,0,0,35 - 39,Diclofenac,Male,1.002053388090349,0
1,Eunomia GiBleed,2,1,0,1,2,8507,MALE,1983,3,3,1098,757,1,1,1,1,33.333333333333336,48.24966974900925,35 - 39,Diclofenac,Male,2.0725530458590007,482.49669749009246
1,Eunomia GiBleed,2,1,0,1,2,8507,MALE,1984,1,1,366,366,0,0,0,0,0,0,35 - 39,Diclofenac,Male,1.002053388090349,0
1,Eunomia GiBleed,2,1,0,1,2,8507,MALE,1985,3,3,1098,1098,0,0,0,0,0,0,35 - 39,Diclofenac,Male,3.0061601642710474,0
1,Eunomia GiBleed,2,1,0,1,2,8507,MALE,1986,5,5,1830,1489,1,1,1,1,20,24.529885829415715,35 - 39,Diclofenac,Male,4.076659822039699,245.29885829415716
1,Eunomia GiBleed,2,1,0,1,2,8507,MALE,1987,2,2,732,732,0,0,0,0,0,0,35 - 39,Diclofenac,Male,2.004106776180698,0
1,Eunomia GiBleed,2,1,0,1,2,8507,MALE,1988,7,7,2562,2204,1,1,1,1,14.285714285714286,16.57214156079855,35 - 39,Diclofenac,Male,6.034223134839151,165.72141560798548
1,Eunomia GiBleed,2,1,0,1,2,8507,MALE,1989,7,7,2562,1927,2,2,2,2,28.571428571428573,37.908666320705755,35 - 39,Diclofenac,Male,5.27583846680356,379.0866632070576
1,Eunomia GiBleed,2,1,0,1,2,8507,MALE,1990,4,4,1464,1119,1,1,1,1,25,32.64075067024129,35 - 39,Diclofenac,Male,3.0636550308008212,326.4075067024129
1,Eunomia GiBleed,2,1,0,1,2,8507,MALE,1992,3,3,1098,789,1,1,1,1,33.333333333333336,46.29277566539924,35 - 39,Diclofenac,Male,2.1601642710472277,462.92775665399245
1,Eunomia GiBleed,2,1,0,1,2,8507,MALE,1993,2,2,732,732,0,0,0,0,0,0,35 - 39,Diclofenac,Male,2.004106776180698,0
1,Eunomia GiBleed,2,1,0,1,2,8507,MALE,1994,3,3,1098,1098,0,0,0,0,0,0,35 - 39,Diclofenac,Male,3.0061601642710474,0
1,Eunomia GiBleed,2,1,0,1,2,8507,MALE,1995,10,10,3660,3353,1,1,1,1,10,10.893229943334326,35 - 39,Diclofenac,Male,9.180013689253936,108.93229943334326
1,Eunomia GiBleed,2,1,0,1,2,8507,MALE,1996,4,4,1464,1464,0,0,0,0,0,0,35 - 39,Diclofenac,Male,4.008213552361396,0
1,Eunomia GiBleed,2,1,0,1,2,8507,MALE,1997,9,9,3294,2995,1,1,1,1,11.11111111111111,12.195325542570952,35 - 39,Diclofenac,Male,8.199863107460644,121.95325542570951
1,Eunomia GiBleed,2,1,0,1,2,8507,MALE,1998,2,2,732,732,0,0,0,0,0,0,35 - 39,Diclofenac,Male,2.004106776180698,0
1,Eunomia GiBleed,2,1,0,1,2,8507,MALE,1999,7,7,2562,2277,1,1,1,1,14.285714285714286,16.040843214756258,35 - 39,Diclofenac,Male,6.234086242299795,160.40843214756256
1,Eunomia GiBleed,2,1,0,1,2,8507,MALE,2000,7,7,2562,2562,0,0,0,0,0,0,35 - 39,Diclofenac,Male,7.014373716632443,0
1,Eunomia GiBleed,2,1,0,1,2,8507,MALE,2001,10,10,3660,2963,2,2,2,2,20,24.654066824164698,35 - 39,Diclofenac,Male,8.112251882272416,246.54066824164698
1,Eunomia GiBleed,2,1,0,1,2,8507,MALE,2002,6,6,2196,1896,1,1,1,1,16.666666666666668,19.264240506329116,35 - 39,Diclofenac,Male,5.190965092402464,192.64240506329116
1,Eunomia GiBleed,2,1,0,1,2,8507,MALE,2003,5,5,1830,1539,1,1,1,1,20,23.732943469785575,35 - 39,Diclofenac,Male,4.213552361396304,237.32943469785576
1,Eunomia GiBleed,2,1,0,1,2,8507,MALE,2004,5,5,1830,1830,0,0,0,0,0,0,35 - 39,Diclofenac,Male,5.0102669404517455,0
1,Eunomia GiBleed,2,1,0,1,2,8507,MALE,2005,7,7,2562,2228,1,1,1,1,14.285714285714286,16.393626570915618,35 - 39,Diclofenac,Male,6.099931553730322,163.9362657091562
1,Eunomia GiBleed,2,1,0,1,2,8507,MALE,2006,5,5,1830,1172,2,2,2,2,40,62.32935153583618,35 - 39,Diclofenac,Male,3.2087611225188226,623.2935153583618
1,Eunomia GiBleed,2,1,0,1,2,8507,MALE,2007,5,5,1830,1830,0,0,0,0,0,0,35 - 39,Diclofenac,Male,5.0102669404517455,0
1,Eunomia GiBleed,2,1,0,1,2,8507,MALE,2008,4,4,1464,1175,1,1,1,1,25,31.085106382978726,35 - 39,Diclofenac,Male,3.216974674880219,310.8510638297873
1,Eunomia GiBleed,2,1,0,1,2,8507,MALE,2009,7,7,2562,1946,2,2,2,2,28.571428571428573,37.538540596094556,35 - 39,Diclofenac,Male,5.327857631759069,375.38540596094555
1,Eunomia GiBleed,2,1,0,1,2,8507,MALE,2010,6,6,2196,997,4,4,4,4,66.66666666666667,146.53961885656972,35 - 39,Diclofenac,Male,2.729637234770705,1465.396188565697
1,Eunomia GiBleed,2,1,0,1,2,8507,MALE,2011,3,3,1098,434,2,2,2,2,66.66666666666667,168.31797235023043,35 - 39,Diclofenac,Male,1.1882272416153319,1683.1797235023043
1,Eunomia GiBleed,2,1,0,1,2,8507,MALE,2012,4,4,1464,1156,1,1,1,1,25,31.596020761245676,35 - 39,Diclofenac,Male,3.164955509924709,315.96020761245677
1,Eunomia GiBleed,2,1,0,1,2,8507,MALE,2013,4,4,1464,1464,0,0,0,0,0,0,35 - 39,Diclofenac,Male,4.008213552361396,0
1,Eunomia GiBleed,2,1,0,1,2,8507,MALE,2014,6,6,2196,1869,1,1,1,1,16.666666666666668,19.542536115569824,35 - 39,Diclofenac,Male,5.117043121149897,195.42536115569825
1,Eunomia GiBleed,2,1,0,1,2,8507,MALE,2015,4,4,1464,1464,0,0,0,0,0,0,35 - 39,Diclofenac,Male,4.008213552361396,0
1,Eunomia GiBleed,2,1,0,1,2,8507,MALE,2016,2,2,732,732,0,0,0,0,0,0,35 - 39,Diclofenac,Male,2.004106776180698,0
1,Eunomia GiBleed,2,1,0,1,2,8507,MALE,2017,3,3,959,647,1,1,1,1,33.333333333333336,56.45285935085008,35 - 39,Diclofenac,Male,1.7713894592744694,564.5285935085008
1,Eunomia GiBleed,2,1,0,1,2,8507,MALE,2018,3,3,957,957,0,0,0,0,0,0,35 - 39,Diclofenac,Male,2.620123203285421,0
1,Eunomia GiBleed,2,1,0,1,2,8507,MALE,2019,1,1,71,71,0,0,0,0,0,0,35 - 39,Diclofenac,Male,0.1943874058863792,0
1,Eunomia GiBleed,2,1,0,1,2,8532,FEMALE,1944,2,2,572,572,0,0,0,0,0,0,35 - 39,Diclofenac,Female,1.566050650239562,0
1,Eunomia GiBleed,2,1,0,1,2,8532,FEMALE,1945,2,2,732,732,0,0,0,0,0,0,35 - 39,Diclofenac,Female,2.004106776180698,0
1,Eunomia GiBleed,2,1,0,1,2,8532,FEMALE,1946,1,1,366,366,0,0,0,0,0,0,35 - 39,Diclofenac,Female,1.002053388090349,0
1,Eunomia GiBleed,2,1,0,1,2,8532,FEMALE,1948,1,1,366,366,0,0,0,0,0,0,35 - 39,Diclofenac,Female,1.002053388090349,0
1,Eunomia GiBleed,2,1,0,1,2,8532,FEMALE,1949,1,1,366,366,0,0,0,0,0,0,35 - 39,Diclofenac,Female,1.002053388090349,0
1,Eunomia GiBleed,2,1,0,1,2,8532,FEMALE,1950,1,1,366,366,0,0,0,0,0,0,35 - 39,Diclofenac,Female,1.002053388090349,0
1,Eunomia GiBleed,2,1,0,1,2,8532,FEMALE,1952,1,1,366,366,0,0,0,0,0,0,35 - 39,Diclofenac,Female,1.002053388090349,0
1,Eunomia GiBleed,2,1,0,1,2,8532,FEMALE,1954,1,1,366,366,0,0,0,0,0,0,35 - 39,Diclofenac,Female,1.002053388090349,0
1,Eunomia GiBleed,2,1,0,1,2,8532,FEMALE,1955,1,1,366,366,0,0,0,0,0,0,35 - 39,Diclofenac,Female,1.002053388090349,0
1,Eunomia GiBleed,2,1,0,1,2,8532,FEMALE,1957,2,2,732,732,0,0,0,0,0,0,35 - 39,Diclofenac,Female,2.004106776180698,0
1,Eunomia GiBleed,2,1,0,1,2,8532,FEMALE,1958,2,2,732,732,0,0,0,0,0,0,35 - 39,Diclofenac,Female,2.004106776180698,0
1,Eunomia GiBleed,2,1,0,1,2,8532,FEMALE,1962,1,1,366,366,0,0,0,0,0,0,35 - 39,Diclofenac,Female,1.002053388090349,0
1,Eunomia GiBleed,2,1,0,1,2,8532,FEMALE,1964,2,2,732,732,0,0,0,0,0,0,35 - 39,Diclofenac,Female,2.004106776180698,0
1,Eunomia GiBleed,2,1,0,1,2,8532,FEMALE,1965,2,2,732,732,0,0,0,0,0,0,35 - 39,Diclofenac,Female,2.004106776180698,0
1,Eunomia GiBleed,2,1,0,1,2,8532,FEMALE,1966,1,1,366,366,0,0,0,0,0,0,35 - 39,Diclofenac,Female,1.002053388090349,0
1,Eunomia GiBleed,2,1,0,1,2,8532,FEMALE,1967,1,1,366,366,0,0,0,0,0,0,35 - 39,Diclofenac,Female,1.002053388090349,0
1,Eunomia GiBleed,2,1,0,1,2,8532,FEMALE,1971,1,1,366,366,0,0,0,0,0,0,35 - 39,Diclofenac,Female,1.002053388090349,0
1,Eunomia GiBleed,2,1,0,1,2,8532,FEMALE,1972,1,1,366,366,0,0,0,0,0,0,35 - 39,Diclofenac,Female,1.002053388090349,0
1,Eunomia GiBleed,2,1,0,1,2,8532,FEMALE,1974,2,2,732,732,0,0,0,0,0,0,35 - 39,Diclofenac,Female,2.004106776180698,0
1,Eunomia GiBleed,2,1,0,1,2,8532,FEMALE,1975,1,1,366,27,1,1,1,1,100,1352.7777777777778,35 - 39,Diclofenac,Female,0.07392197125256673,13527.777777777777
1,Eunomia GiBleed,2,1,0,1,2,8532,FEMALE,1976,3,3,1098,1098,0,0,0,0,0,0,35 - 39,Diclofenac,Female,3.0061601642710474,0
1,Eunomia GiBleed,2,1,0,1,2,8532,FEMALE,1977,3,3,1098,743,1,1,1,1,33.333333333333336,49.158815612382234,35 - 39,Diclofenac,Female,2.0342231348391513,491.58815612382233
1,Eunomia GiBleed,2,1,0,1,2,8532,FEMALE,1978,1,1,366,366,0,0,0,0,0,0,35 - 39,Diclofenac,Female,1.002053388090349,0
1,Eunomia GiBleed,2,1,0,1,2,8532,FEMALE,1980,3,3,1098,809,1,1,1,1,33.333333333333336,45.14833127317676,35 - 39,Diclofenac,Female,2.21492128678987,451.4833127317676
1,Eunomia GiBleed,2,1,0,1,2,8532,FEMALE,1981,1,1,366,366,0,0,0,0,0,0,35 - 39,Diclofenac,Female,1.002053388090349,0
1,Eunomia GiBleed,2,1,0,1,2,8532,FEMALE,1982,3,3,1098,764,1,1,1,1,33.333333333333336,47.80759162303664,35 - 39,Diclofenac,Female,2.0917180013689256,478.07591623036643
1,Eunomia GiBleed,2,1,0,1,2,8532,FEMALE,1983,4,4,1464,1464,0,0,0,0,0,0,35 - 39,Diclofenac,Female,4.008213552361396,0
1,Eunomia GiBleed,2,1,0,1,2,8532,FEMALE,1984,1,1,366,366,0,0,0,0,0,0,35 - 39,Diclofenac,Female,1.002053388090349,0
1,Eunomia GiBleed,2,1,0,1,2,8532,FEMALE,1985,2,2,732,375,1,1,1,1,50,97.4,35 - 39,Diclofenac,Female,1.0266940451745379,974.0000000000001
1,Eunomia GiBleed,2,1,0,1,2,8532,FEMALE,1986,5,5,1830,1830,0,0,0,0,0,0,35 - 39,Diclofenac,Female,5.0102669404517455,0
1,Eunomia GiBleed,2,1,0,1,2,8532,FEMALE,1987,3,3,1098,1098,0,0,0,0,0,0,35 - 39,Diclofenac,Female,3.0061601642710474,0
1,Eunomia GiBleed,2,1,0,1,2,8532,FEMALE,1988,1,1,366,39,1,1,1,1,100,936.5384615384615,35 - 39,Diclofenac,Female,0.10677618069815195,9365.384615384615
1,Eunomia GiBleed,2,1,0,1,2,8532,FEMALE,1989,3,3,1098,758,1,1,1,1,33.333333333333336,48.18601583113457,35 - 39,Diclofenac,Female,2.0752908966461328,481.86015831134563
1,Eunomia GiBleed,2,1,0,1,2,8532,FEMALE,1990,3,3,1098,1098,0,0,0,0,0,0,35 - 39,Diclofenac,Female,3.0061601642710474,0
1,Eunomia GiBleed,2,1,0,1,2,8532,FEMALE,1991,6,6,2196,2196,0,0,0,0,0,0,35 - 39,Diclofenac,Female,6.012320328542095,0
1,Eunomia GiBleed,2,1,0,1,2,8532,FEMALE,1992,4,4,1464,1464,0,0,0,0,0,0,35 - 39,Diclofenac,Female,4.008213552361396,0
1,Eunomia GiBleed,2,1,0,1,2,8532,FEMALE,1993,2,2,732,732,0,0,0,0,0,0,35 - 39,Diclofenac,Female,2.004106776180698,0
1,Eunomia GiBleed,2,1,0,1,2,8532,FEMALE,1994,3,3,1098,770,1,1,1,1,33.333333333333336,47.435064935064936,35 - 39,Diclofenac,Female,2.108145106091718,474.35064935064935
1,Eunomia GiBleed,2,1,0,1,2,8532,FEMALE,1995,4,4,1464,1464,0,0,0,0,0,0,35 - 39,Diclofenac,Female,4.008213552361396,0
1,Eunomia GiBleed,2,1,0,1,2,8532,FEMALE,1996,3,3,1098,1098,0,0,0,0,0,0,35 - 39,Diclofenac,Female,3.0061601642710474,0
1,Eunomia GiBleed,2,1,0,1,2,8532,FEMALE,1997,5,5,1830,1830,0,0,0,0,0,0,35 - 39,Diclofenac,Female,5.0102669404517455,0
1,Eunomia GiBleed,2,1,0,1,2,8532,FEMALE,1998,4,4,1464,1464,0,0,0,0,0,0,35 - 39,Diclofenac,Female,4.008213552361396,0
1,Eunomia GiBleed,2,1,0,1,2,8532,FEMALE,1999,7,7,2562,1864,2,2,2,2,28.571428571428573,39.18991416309013,35 - 39,Diclofenac,Female,5.103353867214237,391.8991416309013
1,Eunomia GiBleed,2,1,0,1,2,8532,FEMALE,2000,7,7,2562,1930,2,2,2,2,28.571428571428573,37.84974093264248,35 - 39,Diclofenac,Female,5.284052019164956,378.4974093264249
1,Eunomia GiBleed,2,1,0,1,2,8532,FEMALE,2001,5,5,1830,1201,2,2,2,2,40,60.82431307243964,35 - 39,Diclofenac,Female,3.2881587953456535,608.2431307243963
1,Eunomia GiBleed,2,1,0,1,2,8532,FEMALE,2002,8,8,2928,2928,0,0,0,0,0,0,35 - 39,Diclofenac,Female,8.016427104722792,0
1,Eunomia GiBleed,2,1,0,1,2,8532,FEMALE,2003,6,6,2196,1192,3,3,3,3,50,91.9253355704698,35 - 39,Diclofenac,Female,3.263518138261465,919.2533557046979
1,Eunomia GiBleed,2,1,0,1,2,8532,FEMALE,2004,7,7,2562,2266,1,1,1,1,14.285714285714286,16.118711385701676,35 - 39,Diclofenac,Female,6.203969883641341,161.18711385701678
1,Eunomia GiBleed,2,1,0,1,2,8532,FEMALE,2005,4,4,1464,1464,0,0,0,0,0,0,35 - 39,Diclofenac,Female,4.008213552361396,0
1,Eunomia GiBleed,2,1,0,1,2,8532,FEMALE,2006,3,3,1098,1098,0,0,0,0,0,0,35 - 39,Diclofenac,Female,3.0061601642710474,0
1,Eunomia GiBleed,2,1,0,1,2,8532,FEMALE,2007,7,7,2562,2264,1,1,1,1,14.285714285714286,16.132950530035338,35 - 39,Diclofenac,Female,6.198494182067077,161.32950530035336
1,Eunomia GiBleed,2,1,0,1,2,8532,FEMALE,2008,3,3,1098,1098,0,0,0,0,0,0,35 - 39,Diclofenac,Female,3.0061601642710474,0
1,Eunomia GiBleed,2,1,0,1,2,8532,FEMALE,2009,7,7,2562,2285,1,1,1,1,14.285714285714286,15.98468271334792,35 - 39,Diclofenac,Female,6.2559890485968515,159.84682713347922
1,Eunomia GiBleed,2,1,0,1,2,8532,FEMALE,2010,2,2,732,732,0,0,0,0,0,0,35 - 39,Diclofenac,Female,2.004106776180698,0
1,Eunomia GiBleed,2,1,0,1,2,8532,FEMALE,2011,7,7,2562,2267,1,1,1,1,14.285714285714286,16.111601235112484,35 - 39,Diclofenac,Female,6.206707734428473,161.11601235112485
1,Eunomia GiBleed,2,1,0,1,2,8532,FEMALE,2012,6,6,2196,2196,0,0,0,0,0,0,35 - 39,Diclofenac,Female,6.012320328542095,0
1,Eunomia GiBleed,2,1,0,1,2,8532,FEMALE,2013,5,5,1830,1512,1,1,1,1,20,24.15674603174603,35 - 39,Diclofenac,Female,4.139630390143737,241.5674603174603
1,Eunomia GiBleed,2,1,0,1,2,8532,FEMALE,2014,9,9,3294,2984,1,1,1,1,11.11111111111111,12.240281501340483,35 - 39,Diclofenac,Female,8.16974674880219,122.40281501340483
1,Eunomia GiBleed,2,1,0,1,2,8532,FEMALE,2015,4,4,1464,835,2,2,2,2,50,87.48502994011976,35 - 39,Diclofenac,Female,2.2861054072553046,874.8502994011976
1,Eunomia GiBleed,2,1,0,1,2,8532,FEMALE,2016,6,6,1867,1507,1,1,1,1,16.666666666666668,24.236894492368943,35 - 39,Diclofenac,Female,4.125941136208077,242.36894492368944
1,Eunomia GiBleed,2,1,0,1,2,8532,FEMALE,2017,2,2,613,455,1,1,1,1,50,80.27472527472527,35 - 39,Diclofenac,Female,1.2457221081451062,802.7472527472527
1,Eunomia GiBleed,2,1,0,1,2,8532,FEMALE,2018,3,3,643,643,0,0,0,0,0,0,35 - 39,Diclofenac,Female,1.7604380561259412,0
1,Eunomia GiBleed,2,1,0,1,3,8507,MALE,1954,1,1,366,366,0,0,0,0,0,0,40 - 44,Diclofenac,Male,1.002053388090349,0
1,Eunomia GiBleed,2,1,0,1,3,8507,MALE,1955,1,1,366,366,0,0,0,0,0,0,40 - 44,Diclofenac,Male,1.002053388090349,0
1,Eunomia GiBleed,2,1,0,1,3,8507,MALE,1957,1,1,366,59,1,1,1,1,100,619.0677966101695,40 - 44,Diclofenac,Male,0.16153319644079397,6190.677966101695
1,Eunomia GiBleed,2,1,0,1,3,8507,MALE,1958,1,1,366,39,1,1,1,1,100,936.5384615384615,40 - 44,Diclofenac,Male,0.10677618069815195,9365.384615384615
1,Eunomia GiBleed,2,1,0,1,3,8507,MALE,1961,1,1,366,366,0,0,0,0,0,0,40 - 44,Diclofenac,Male,1.002053388090349,0
1,Eunomia GiBleed,2,1,0,1,3,8507,MALE,1963,3,3,1098,1098,0,0,0,0,0,0,40 - 44,Diclofenac,Male,3.0061601642710474,0
1,Eunomia GiBleed,2,1,0,1,3,8507,MALE,1965,1,1,366,366,0,0,0,0,0,0,40 - 44,Diclofenac,Male,1.002053388090349,0
1,Eunomia GiBleed,2,1,0,1,3,8507,MALE,1973,1,1,366,18,1,1,1,1,100,2029.1666666666665,40 - 44,Diclofenac,Male,0.049281314168377825,20291.666666666664
1,Eunomia GiBleed,2,1,0,1,3,8507,MALE,1975,2,2,732,378,1,1,1,1,50,96.62698412698413,40 - 44,Diclofenac,Male,1.0349075975359343,966.2698412698412
1,Eunomia GiBleed,2,1,0,1,3,8507,MALE,1976,1,1,366,366,0,0,0,0,0,0,40 - 44,Diclofenac,Male,1.002053388090349,0
1,Eunomia GiBleed,2,1,0,1,3,8507,MALE,1977,1,1,366,366,0,0,0,0,0,0,40 - 44,Diclofenac,Male,1.002053388090349,0
1,Eunomia GiBleed,2,1,0,1,3,8507,MALE,1980,3,3,1098,752,1,1,1,1,33.333333333333336,48.57047872340425,40 - 44,Diclofenac,Male,2.0588637919233403,485.7047872340425
1,Eunomia GiBleed,2,1,0,1,3,8507,MALE,1981,2,2,732,732,0,0,0,0,0,0,40 - 44,Diclofenac,Male,2.004106776180698,0
1,Eunomia GiBleed,2,1,0,1,3,8507,MALE,1982,2,2,732,732,0,0,0,0,0,0,40 - 44,Diclofenac,Male,2.004106776180698,0
1,Eunomia GiBleed,2,1,0,1,3,8507,MALE,1983,1,1,366,366,0,0,0,0,0,0,40 - 44,Diclofenac,Male,1.002053388090349,0
1,Eunomia GiBleed,2,1,0,1,3,8507,MALE,1984,2,2,732,732,0,0,0,0,0,0,40 - 44,Diclofenac,Male,2.004106776180698,0
1,Eunomia GiBleed,2,1,0,1,3,8507,MALE,1985,2,2,732,372,1,1,1,1,50,98.18548387096774,40 - 44,Diclofenac,Male,1.0184804928131417,981.8548387096774
1,Eunomia GiBleed,2,1,0,1,3,8507,MALE,1987,3,3,1098,1098,0,0,0,0,0,0,40 - 44,Diclofenac,Male,3.0061601642710474,0
1,Eunomia GiBleed,2,1,0,1,3,8507,MALE,1988,3,3,1098,1098,0,0,0,0,0,0,40 - 44,Diclofenac,Male,3.0061601642710474,0
1,Eunomia GiBleed,2,1,0,1,3,8507,MALE,1989,2,2,732,732,0,0,0,0,0,0,40 - 44,Diclofenac,Male,2.004106776180698,0
1,Eunomia GiBleed,2,1,0,1,3,8507,MALE,1990,4,4,1464,1148,1,1,1,1,25,31.816202090592338,40 - 44,Diclofenac,Male,3.143052703627652,318.1620209059234
1,Eunomia GiBleed,2,1,0,1,3,8507,MALE,1991,1,1,366,366,0,0,0,0,0,0,40 - 44,Diclofenac,Male,1.002053388090349,0
1,Eunomia GiBleed,2,1,0,1,3,8507,MALE,1993,4,4,1464,1464,0,0,0,0,0,0,40 - 44,Diclofenac,Male,4.008213552361396,0
1,Eunomia GiBleed,2,1,0,1,3,8507,MALE,1994,1,1,366,366,0,0,0,0,0,0,40 - 44,Diclofenac,Male,1.002053388090349,0
1,Eunomia GiBleed,2,1,0,1,3,8507,MALE,1995,4,4,1464,1117,1,1,1,1,25,32.69919427036705,40 - 44,Diclofenac,Male,3.058179329226557,326.99194270367053
1,Eunomia GiBleed,2,1,0,1,3,8507,MALE,1996,4,4,1464,1464,0,0,0,0,0,0,40 - 44,Diclofenac,Male,4.008213552361396,0
1,Eunomia GiBleed,2,1,0,1,3,8507,MALE,1997,5,5,1830,1830,0,0,0,0,0,0,40 - 44,Diclofenac,Male,5.0102669404517455,0
1,Eunomia GiBleed,2,1,0,1,3,8507,MALE,1998,6,6,2196,2196,0,0,0,0,0,0,40 - 44,Diclofenac,Male,6.012320328542095,0
1,Eunomia GiBleed,2,1,0,1,3,8507,MALE,1999,3,3,1098,1098,0,0,0,0,0,0,40 - 44,Diclofenac,Male,3.0061601642710474,0
1,Eunomia GiBleed,2,1,0,1,3,8507,MALE,2000,2,2,732,394,1,1,1,1,50,92.70304568527919,40 - 44,Diclofenac,Male,1.0787132101300478,927.030456852792
1,Eunomia GiBleed,2,1,0,1,3,8507,MALE,2001,3,3,1098,1098,0,0,0,0,0,0,40 - 44,Diclofenac,Male,3.0061601642710474,0
1,Eunomia GiBleed,2,1,0,1,3,8507,MALE,2002,2,2,732,732,0,0,0,0,0,0,40 - 44,Diclofenac,Male,2.004106776180698,0
1,Eunomia GiBleed,2,1,0,1,3,8507,MALE,2003,7,7,2562,2245,1,1,1,1,14.285714285714286,16.26948775055679,40 - 44,Diclofenac,Male,6.146475017111568,162.69487750556792
1,Eunomia GiBleed,2,1,0,1,3,8507,MALE,2004,4,4,1464,1464,0,0,0,0,0,0,40 - 44,Diclofenac,Male,4.008213552361396,0
1,Eunomia GiBleed,2,1,0,1,3,8507,MALE,2005,3,3,1098,741,1,1,1,1,33.333333333333336,49.2914979757085,40 - 44,Diclofenac,Male,2.028747433264887,492.914979757085
1,Eunomia GiBleed,2,1,0,1,3,8507,MALE,2006,6,6,2196,2196,0,0,0,0,0,0,40 - 44,Diclofenac,Male,6.012320328542095,0
1,Eunomia GiBleed,2,1,0,1,3,8507,MALE,2007,4,4,1464,820,2,2,2,2,50,89.08536585365853,40 - 44,Diclofenac,Male,2.245037645448323,890.8536585365853
1,Eunomia GiBleed,2,1,0,1,3,8507,MALE,2008,2,2,732,441,1,1,1,1,50,82.82312925170069,40 - 44,Diclofenac,Male,1.2073921971252566,828.2312925170069
1,Eunomia GiBleed,2,1,0,1,3,8507,MALE,2009,3,3,1098,1098,0,0,0,0,0,0,40 - 44,Diclofenac,Male,3.0061601642710474,0
1,Eunomia GiBleed,2,1,0,1,3,8507,MALE,2010,7,7,2562,2562,0,0,0,0,0,0,40 - 44,Diclofenac,Male,7.014373716632443,0
1,Eunomia GiBleed,2,1,0,1,3,8507,MALE,2011,2,2,732,452,1,1,1,1,50,80.8075221238938,40 - 44,Diclofenac,Male,1.2375085557837098,808.0752212389381
1,Eunomia GiBleed,2,1,0,1,3,8507,MALE,2012,2,2,732,732,0,0,0,0,0,0,40 - 44,Diclofenac,Male,2.004106776180698,0
1,Eunomia GiBleed,2,1,0,1,3,8507,MALE,2013,5,5,1830,1473,1,1,1,1,20,24.796334012219962,40 - 44,Diclofenac,Male,4.032854209445585,247.9633401221996
1,Eunomia GiBleed,2,1,0,1,3,8507,MALE,2014,4,4,1464,1154,1,1,1,1,25,31.650779896013866,40 - 44,Diclofenac,Male,3.159479808350445,316.50779896013864
1,Eunomia GiBleed,2,1,0,1,3,8507,MALE,2016,4,4,1322,1322,0,0,0,0,0,0,40 - 44,Diclofenac,Male,3.619438740588638,0
1,Eunomia GiBleed,2,1,0,1,3,8507,MALE,2017,3,3,808,799,1,1,1,1,33.333333333333336,45.71339173967459,40 - 44,Diclofenac,Male,2.187542778918549,457.13391739674597
1,Eunomia GiBleed,2,1,0,1,3,8507,MALE,2018,3,3,496,496,0,0,0,0,0,0,40 - 44,Diclofenac,Male,1.3579739904175223,0
1,Eunomia GiBleed,2,1,0,1,3,8507,MALE,2019,1,1,73,72,1,1,1,1,100,507.29166666666663,40 - 44,Diclofenac,Male,0.1971252566735113,5072.916666666666
1,Eunomia GiBleed,2,1,0,1,3,8532,FEMALE,1948,1,1,366,366,0,0,0,0,0,0,40 - 44,Diclofenac,Female,1.002053388090349,0
1,Eunomia GiBleed,2,1,0,1,3,8532,FEMALE,1952,1,1,366,366,0,0,0,0,0,0,40 - 44,Diclofenac,Female,1.002053388090349,0
1,Eunomia GiBleed,2,1,0,1,3,8532,FEMALE,1953,3,3,1098,1098,0,0,0,0,0,0,40 - 44,Diclofenac,Female,3.0061601642710474,0
1,Eunomia GiBleed,2,1,0,1,3,8532,FEMALE,1954,1,1,366,366,0,0,0,0,0,0,40 - 44,Diclofenac,Female,1.002053388090349,0
1,Eunomia GiBleed,2,1,0,1,3,8532,FEMALE,1960,2,2,732,423,1,1,1,1,50,86.34751773049645,40 - 44,Diclofenac,Female,1.158110882956879,863.4751773049645
1,Eunomia GiBleed,2,1,0,1,3,8532,FEMALE,1961,2,2,732,414,1,1,1,1,50,88.22463768115942,40 - 44,Diclofenac,Female,1.1334702258726899,882.2463768115942
1,Eunomia GiBleed,2,1,0,1,3,8532,FEMALE,1962,1,1,366,366,0,0,0,0,0,0,40 - 44,Diclofenac,Female,1.002053388090349,0
1,Eunomia GiBleed,2,1,0,1,3,8532,FEMALE,1963,1,1,366,366,0,0,0,0,0,0,40 - 44,Diclofenac,Female,1.002053388090349,0
1,Eunomia GiBleed,2,1,0,1,3,8532,FEMALE,1964,3,3,1098,776,1,1,1,1,33.333333333333336,47.06829896907217,40 - 44,Diclofenac,Female,2.1245722108145104,470.6829896907217
1,Eunomia GiBleed,2,1,0,1,3,8532,FEMALE,1965,1,1,366,26,1,1,1,1,100,1404.8076923076922,40 - 44,Diclofenac,Female,0.07118412046543464,14048.076923076922
1,Eunomia GiBleed,2,1,0,1,3,8532,FEMALE,1969,1,1,366,366,0,0,0,0,0,0,40 - 44,Diclofenac,Female,1.002053388090349,0
1,Eunomia GiBleed,2,1,0,1,3,8532,FEMALE,1970,2,2,732,393,1,1,1,1,50,92.93893129770993,40 - 44,Diclofenac,Female,1.0759753593429158,929.3893129770993
1,Eunomia GiBleed,2,1,0,1,3,8532,FEMALE,1971,1,1,366,366,0,0,0,0,0,0,40 - 44,Diclofenac,Female,1.002053388090349,0
1,Eunomia GiBleed,2,1,0,1,3,8532,FEMALE,1972,1,1,366,366,0,0,0,0,0,0,40 - 44,Diclofenac,Female,1.002053388090349,0
1,Eunomia GiBleed,2,1,0,1,3,8532,FEMALE,1975,1,1,366,366,0,0,0,0,0,0,40 - 44,Diclofenac,Female,1.002053388090349,0
1,Eunomia GiBleed,2,1,0,1,3,8532,FEMALE,1977,1,1,366,18,1,1,1,1,100,2029.1666666666665,40 - 44,Diclofenac,Female,0.049281314168377825,20291.666666666664
1,Eunomia GiBleed,2,1,0,1,3,8532,FEMALE,1978,1,1,366,366,0,0,0,0,0,0,40 - 44,Diclofenac,Female,1.002053388090349,0
1,Eunomia GiBleed,2,1,0,1,3,8532,FEMALE,1980,2,2,732,732,0,0,0,0,0,0,40 - 44,Diclofenac,Female,2.004106776180698,0
1,Eunomia GiBleed,2,1,0,1,3,8532,FEMALE,1981,2,2,732,732,0,0,0,0,0,0,40 - 44,Diclofenac,Female,2.004106776180698,0
1,Eunomia GiBleed,2,1,0,1,3,8532,FEMALE,1984,1,1,366,366,0,0,0,0,0,0,40 - 44,Diclofenac,Female,1.002053388090349,0
1,Eunomia GiBleed,2,1,0,1,3,8532,FEMALE,1985,1,1,366,366,0,0,0,0,0,0,40 - 44,Diclofenac,Female,1.002053388090349,0
1,Eunomia GiBleed,2,1,0,1,3,8532,FEMALE,1986,7,7,2562,1869,2,2,2,2,28.571428571428573,39.08507223113965,40 - 44,Diclofenac,Female,5.117043121149897,390.8507223113965
1,Eunomia GiBleed,2,1,0,1,3,8532,FEMALE,1987,4,4,1464,1464,0,0,0,0,0,0,40 - 44,Diclofenac,Female,4.008213552361396,0
1,Eunomia GiBleed,2,1,0,1,3,8532,FEMALE,1988,2,2,732,732,0,0,0,0,0,0,40 - 44,Diclofenac,Female,2.004106776180698,0
1,Eunomia GiBleed,2,1,0,1,3,8532,FEMALE,1990,3,3,1098,1098,0,0,0,0,0,0,40 - 44,Diclofenac,Female,3.0061601642710474,0
1,Eunomia GiBleed,2,1,0,1,3,8532,FEMALE,1991,1,1,366,366,0,0,0,0,0,0,40 - 44,Diclofenac,Female,1.002053388090349,0
1,Eunomia GiBleed,2,1,0,1,3,8532,FEMALE,1992,3,3,1098,1098,0,0,0,0,0,0,40 - 44,Diclofenac,Female,3.0061601642710474,0
1,Eunomia GiBleed,2,1,0,1,3,8532,FEMALE,1993,3,3,1098,777,1,1,1,1,33.333333333333336,47.007722007722,40 - 44,Diclofenac,Female,2.127310061601643,470.07722007722003
1,Eunomia GiBleed,2,1,0,1,3,8532,FEMALE,1994,9,9,3294,2692,2,2,2,2,22.22222222222222,27.135958395245172,40 - 44,Diclofenac,Female,7.370294318959616,271.3595839524517
1,Eunomia GiBleed,2,1,0,1,3,8532,FEMALE,1995,4,4,1464,796,2,2,2,2,50,91.7713567839196,40 - 44,Diclofenac,Female,2.1793292265571527,917.713567839196
1,Eunomia GiBleed,2,1,0,1,3,8532,FEMALE,1996,4,4,1464,1119,1,1,1,1,25,32.64075067024129,40 - 44,Diclofenac,Female,3.0636550308008212,326.4075067024129
1,Eunomia GiBleed,2,1,0,1,3,8532,FEMALE,1997,5,5,1830,1830,0,0,0,0,0,0,40 - 44,Diclofenac,Female,5.0102669404517455,0
1,Eunomia GiBleed,2,1,0,1,3,8532,FEMALE,1998,5,5,1830,1830,0,0,0,0,0,0,40 - 44,Diclofenac,Female,5.0102669404517455,0
1,Eunomia GiBleed,2,1,0,1,3,8532,FEMALE,1999,6,6,2196,1893,1,1,1,1,16.666666666666668,19.29477020602219,40 - 44,Diclofenac,Female,5.1827515400410675,192.94770206022187
1,Eunomia GiBleed,2,1,0,1,3,8532,FEMALE,2000,2,2,732,441,1,1,1,1,50,82.82312925170069,40 - 44,Diclofenac,Female,1.2073921971252566,828.2312925170069
1,Eunomia GiBleed,2,1,0,1,3,8532,FEMALE,2001,2,2,732,377,1,1,1,1,50,96.88328912466844,40 - 44,Diclofenac,Female,1.0321697467488022,968.8328912466843
1,Eunomia GiBleed,2,1,0,1,3,8532,FEMALE,2002,6,6,2196,2196,0,0,0,0,0,0,40 - 44,Diclofenac,Female,6.012320328542095,0
1,Eunomia GiBleed,2,1,0,1,3,8532,FEMALE,2003,10,10,3660,3050,2,2,2,2,20,23.95081967213115,40 - 44,Diclofenac,Female,8.350444900752908,239.5081967213115
1,Eunomia GiBleed,2,1,0,1,3,8532,FEMALE,2004,3,3,1098,1098,0,0,0,0,0,0,40 - 44,Diclofenac,Female,3.0061601642710474,0
1,Eunomia GiBleed,2,1,0,1,3,8532,FEMALE,2005,5,5,1830,1483,1,1,1,1,20,24.629130141604854,40 - 44,Diclofenac,Female,4.060232717316906,246.29130141604855
1,Eunomia GiBleed,2,1,0,1,3,8532,FEMALE,2006,4,4,1464,1145,1,1,1,1,25,31.899563318777293,40 - 44,Diclofenac,Female,3.134839151266256,318.9956331877729
1,Eunomia GiBleed,2,1,0,1,3,8532,FEMALE,2007,4,4,1464,1464,0,0,0,0,0,0,40 - 44,Diclofenac,Female,4.008213552361396,0
1,Eunomia GiBleed,2,1,0,1,3,8532,FEMALE,2008,8,8,2928,1908,3,3,3,3,37.5,57.429245283018865,40 - 44,Diclofenac,Female,5.223819301848049,574.2924528301886
1,Eunomia GiBleed,2,1,0,1,3,8532,FEMALE,2009,5,5,1830,1480,1,1,1,1,20,24.679054054054053,40 - 44,Diclofenac,Female,4.05201916495551,246.79054054054052
1,Eunomia GiBleed,2,1,0,1,3,8532,FEMALE,2010,3,3,1098,439,2,2,2,2,66.66666666666667,166.40091116173122,40 - 44,Diclofenac,Female,1.2019164955509924,1664.009111617312
1,Eunomia GiBleed,2,1,0,1,3,8532,FEMALE,2011,1,1,366,366,0,0,0,0,0,0,40 - 44,Diclofenac,Female,1.002053388090349,0
1,Eunomia GiBleed,2,1,0,1,3,8532,FEMALE,2012,2,2,732,732,0,0,0,0,0,0,40 - 44,Diclofenac,Female,2.004106776180698,0
1,Eunomia GiBleed,2,1,0,1,3,8532,FEMALE,2013,5,5,1830,1830,0,0,0,0,0,0,40 - 44,Diclofenac,Female,5.0102669404517455,0
1,Eunomia GiBleed,2,1,0,1,3,8532,FEMALE,2014,3,3,1098,1098,0,0,0,0,0,0,40 - 44,Diclofenac,Female,3.0061601642710474,0
1,Eunomia GiBleed,2,1,0,1,3,8532,FEMALE,2015,5,5,1830,1830,0,0,0,0,0,0,40 - 44,Diclofenac,Female,5.0102669404517455,0
1,Eunomia GiBleed,2,1,0,1,3,8532,FEMALE,2016,4,4,1464,1464,0,0,0,0,0,0,40 - 44,Diclofenac,Female,4.008213552361396,0
1,Eunomia GiBleed,2,1,0,1,3,8532,FEMALE,2017,3,3,1098,1098,0,0,0,0,0,0,40 - 44,Diclofenac,Female,3.0061601642710474,0
1,Eunomia GiBleed,2,1,0,1,3,8532,FEMALE,2018,2,2,450,450,0,0,0,0,0,0,40 - 44,Diclofenac,Female,1.2320328542094456,0
1,Eunomia GiBleed,2,1,0,1,4,8507,MALE,1981,1,1,366,25,1,1,1,1,100,1461,>=45,Diclofenac,Male,0.06844626967830253,14610
1,Eunomia GiBleed,2,1,0,1,4,8507,MALE,1982,1,1,366,84,1,1,1,1,100,434.82142857142856,>=45,Diclofenac,Male,0.2299794661190965,4348.214285714286
1,Eunomia GiBleed,2,1,0,1,4,8507,MALE,1989,1,1,366,366,0,0,0,0,0,0,>=45,Diclofenac,Male,1.002053388090349,0
1,Eunomia GiBleed,2,1,0,1,4,8507,MALE,1992,1,1,366,366,0,0,0,0,0,0,>=45,Diclofenac,Male,1.002053388090349,0
1,Eunomia GiBleed,2,1,0,1,4,8507,MALE,1994,1,1,366,17,1,1,1,1,100,2148.529411764706,>=45,Diclofenac,Male,0.04654346338124572,21485.29411764706
1,Eunomia GiBleed,2,1,0,1,4,8507,MALE,1995,1,1,366,366,0,0,0,0,0,0,>=45,Diclofenac,Male,1.002053388090349,0
1,Eunomia GiBleed,2,1,0,1,4,8507,MALE,1996,1,1,366,366,0,0,0,0,0,0,>=45,Diclofenac,Male,1.002053388090349,0
1,Eunomia GiBleed,2,1,0,1,4,8507,MALE,1997,1,1,366,366,0,0,0,0,0,0,>=45,Diclofenac,Male,1.002053388090349,0
1,Eunomia GiBleed,2,1,0,1,4,8507,MALE,1998,1,1,366,366,0,0,0,0,0,0,>=45,Diclofenac,Male,1.002053388090349,0
1,Eunomia GiBleed,2,1,0,1,4,8507,MALE,2017,1,1,314,314,0,0,0,0,0,0,>=45,Diclofenac,Male,0.8596851471594799,0
1,Eunomia GiBleed,2,1,0,1,4,8532,FEMALE,1984,1,1,366,366,0,0,0,0,0,0,>=45,Diclofenac,Female,1.002053388090349,0
1,Eunomia GiBleed,2,1,0,1,4,8532,FEMALE,1998,2,2,732,445,1,1,1,1,50,82.07865168539325,>=45,Diclofenac,Female,1.218343600273785,820.7865168539325
1,Eunomia GiBleed,2,1,0,1,4,8532,FEMALE,1999,1,1,366,366,0,0,0,0,0,0,>=45,Diclofenac,Female,1.002053388090349,0
1,Eunomia GiBleed,2,1,0,1,4,8532,FEMALE,2001,2,2,732,456,1,1,1,1,50,80.09868421052632,>=45,Diclofenac,Female,1.2484599589322383,800.9868421052631
1,Eunomia GiBleed,2,1,0,1,4,8532,FEMALE,2002,1,1,366,366,0,0,0,0,0,0,>=45,Diclofenac,Female,1.002053388090349,0
1,Eunomia GiBleed,2,1,0,1,4,8532,FEMALE,2004,1,1,366,366,0,0,0,0,0,0,>=45,Diclofenac,Female,1.002053388090349,0
1,Eunomia GiBleed,2,1,0,1,4,8532,FEMALE,2009,2,2,732,399,1,1,1,1,50,91.54135338345864,>=45,Diclofenac,Female,1.0924024640657084,915.4135338345865
1,Eunomia GiBleed,2,1,0,1,4,8532,FEMALE,2010,2,2,732,451,1,1,1,1,50,80.98669623059867,>=45,Diclofenac,Female,1.2347707049965777,809.8669623059867
1,Eunomia GiBleed,2,1,0,1,4,8532,FEMALE,2013,1,1,366,366,0,0,0,0,0,0,>=45,Diclofenac,Female,1.002053388090349,0
1,Eunomia GiBleed,2,1,0,1,4,8532,FEMALE,2017,3,3,932,932,0,0,0,0,0,0,>=45,Diclofenac,Female,2.5516769336071183,0
1,Eunomia GiBleed,2,1,0,1,NA,8507,MALE,NA,395,395,142380,124987,57,57,57,57,14.430379746835444,16.657132341763543,NA,Diclofenac,Male,342.19575633127994,166.57132341763543
1,Eunomia GiBleed,2,1,0,1,NA,8532,FEMALE,NA,435,435,157182,136018,67,67,67,67,15.402298850574713,17.991552588627975,NA,Diclofenac,Female,372.39698836413413,179.91552588627977
1,Eunomia GiBleed,2,1,0,1,NA,8507,MALE,1948,2,2,732,732,0,0,0,0,0,0,NA,Diclofenac,Male,2.004106776180698,0
1,Eunomia GiBleed,2,1,0,1,NA,8507,MALE,1950,1,1,366,366,0,0,0,0,0,0,NA,Diclofenac,Male,1.002053388090349,0
1,Eunomia GiBleed,2,1,0,1,NA,8507,MALE,1952,1,1,366,366,0,0,0,0,0,0,NA,Diclofenac,Male,1.002053388090349,0
1,Eunomia GiBleed,2,1,0,1,NA,8507,MALE,1954,1,1,366,366,0,0,0,0,0,0,NA,Diclofenac,Male,1.002053388090349,0
1,Eunomia GiBleed,2,1,0,1,NA,8507,MALE,1955,2,2,732,451,1,1,1,1,50,80.98669623059867,NA,Diclofenac,Male,1.2347707049965777,809.8669623059867
1,Eunomia GiBleed,2,1,0,1,NA,8507,MALE,1957,2,2,732,425,1,1,1,1,50,85.94117647058823,NA,Diclofenac,Male,1.163586584531143,859.4117647058823
1,Eunomia GiBleed,2,1,0,1,NA,8507,MALE,1958,4,4,1464,1137,1,1,1,1,25,32.12401055408971,NA,Diclofenac,Male,3.1129363449691994,321.2401055408971
1,Eunomia GiBleed,2,1,0,1,NA,8507,MALE,1959,1,1,366,366,0,0,0,0,0,0,NA,Diclofenac,Male,1.002053388090349,0
1,Eunomia GiBleed,2,1,0,1,NA,8507,MALE,1961,1,1,366,366,0,0,0,0,0,0,NA,Diclofenac,Male,1.002053388090349,0
1,Eunomia GiBleed,2,1,0,1,NA,8507,MALE,1963,5,5,1830,1830,0,0,0,0,0,0,NA,Diclofenac,Male,5.0102669404517455,0
1,Eunomia GiBleed,2,1,0,1,NA,8507,MALE,1964,1,1,366,366,0,0,0,0,0,0,NA,Diclofenac,Male,1.002053388090349,0
1,Eunomia GiBleed,2,1,0,1,NA,8507,MALE,1965,2,2,732,732,0,0,0,0,0,0,NA,Diclofenac,Male,2.004106776180698,0
1,Eunomia GiBleed,2,1,0,1,NA,8507,MALE,1966,1,1,366,366,0,0,0,0,0,0,NA,Diclofenac,Male,1.002053388090349,0
1,Eunomia GiBleed,2,1,0,1,NA,8507,MALE,1968,1,1,366,366,0,0,0,0,0,0,NA,Diclofenac,Male,1.002053388090349,0
1,Eunomia GiBleed,2,1,0,1,NA,8507,MALE,1971,1,1,366,366,0,0,0,0,0,0,NA,Diclofenac,Male,1.002053388090349,0
1,Eunomia GiBleed,2,1,0,1,NA,8507,MALE,1972,2,2,732,732,0,0,0,0,0,0,NA,Diclofenac,Male,2.004106776180698,0
1,Eunomia GiBleed,2,1,0,1,NA,8507,MALE,1973,2,2,732,384,1,1,1,1,50,95.1171875,NA,Diclofenac,Male,1.051334702258727,951.171875
1,Eunomia GiBleed,2,1,0,1,NA,8507,MALE,1974,1,1,366,366,0,0,0,0,0,0,NA,Diclofenac,Male,1.002053388090349,0
1,Eunomia GiBleed,2,1,0,1,NA,8507,MALE,1975,6,6,2196,1504,2,2,2,2,33.333333333333336,48.57047872340425,NA,Diclofenac,Male,4.117727583846681,485.7047872340425
1,Eunomia GiBleed,2,1,0,1,NA,8507,MALE,1976,5,5,1830,1830,0,0,0,0,0,0,NA,Diclofenac,Male,5.0102669404517455,0
1,Eunomia GiBleed,2,1,0,1,NA,8507,MALE,1977,4,4,1464,1464,0,0,0,0,0,0,NA,Diclofenac,Male,4.008213552361396,0
1,Eunomia GiBleed,2,1,0,1,NA,8507,MALE,1978,4,4,1464,1464,0,0,0,0,0,0,NA,Diclofenac,Male,4.008213552361396,0
1,Eunomia GiBleed,2,1,0,1,NA,8507,MALE,1979,3,3,1098,1098,0,0,0,0,0,0,NA,Diclofenac,Male,3.0061601642710474,0
1,Eunomia GiBleed,2,1,0,1,NA,8507,MALE,1980,5,5,1830,1484,1,1,1,1,20,24.612533692722373,NA,Diclofenac,Male,4.0629705681040384,246.1253369272237
1,Eunomia GiBleed,2,1,0,1,NA,8507,MALE,1981,11,11,3790,3365,2,2,2,2,18.181818181818183,21.708766716196138,NA,Diclofenac,Male,9.212867898699521,217.08766716196135
1,Eunomia GiBleed,2,1,0,1,NA,8507,MALE,1982,5,5,1830,1548,1,1,1,1,20,23.594961240310077,NA,Diclofenac,Male,4.238193018480493,235.9496124031008
1,Eunomia GiBleed,2,1,0,1,NA,8507,MALE,1983,4,4,1464,1123,1,1,1,1,25,32.52448797862867,NA,Diclofenac,Male,3.07460643394935,325.24487978628673
1,Eunomia GiBleed,2,1,0,1,NA,8507,MALE,1984,4,4,1464,1178,1,1,1,1,25,31.005942275042443,NA,Diclofenac,Male,3.2251882272416155,310.05942275042446
1,Eunomia GiBleed,2,1,0,1,NA,8507,MALE,1985,5,5,1830,1470,1,1,1,1,20,24.846938775510207,NA,Diclofenac,Male,4.024640657084189,248.46938775510205
1,Eunomia GiBleed,2,1,0,1,NA,8507,MALE,1986,5,5,1830,1489,1,1,1,1,20,24.529885829415715,NA,Diclofenac,Male,4.076659822039699,245.29885829415716
1,Eunomia GiBleed,2,1,0,1,NA,8507,MALE,1987,6,6,2196,2196,0,0,0,0,0,0,NA,Diclofenac,Male,6.012320328542095,0
1,Eunomia GiBleed,2,1,0,1,NA,8507,MALE,1988,11,11,4026,3668,1,1,1,1,9.090909090909092,9.95774263904035,NA,Diclofenac,Male,10.042436687200547,99.57742639040349
1,Eunomia GiBleed,2,1,0,1,NA,8507,MALE,1989,12,12,4392,3757,2,2,2,2,16.666666666666668,19.443705083843493,NA,Diclofenac,Male,10.286105407255304,194.43705083843494
1,Eunomia GiBleed,2,1,0,1,NA,8507,MALE,1990,9,9,3294,2633,2,2,2,2,22.22222222222222,27.744018230155717,NA,Diclofenac,Male,7.208761122518823,277.4401823015572
1,Eunomia GiBleed,2,1,0,1,NA,8507,MALE,1991,2,2,732,732,0,0,0,0,0,0,NA,Diclofenac,Male,2.004106776180698,0
1,Eunomia GiBleed,2,1,0,1,NA,8507,MALE,1992,5,5,1830,1521,1,1,1,1,20,24.0138067061144,NA,Diclofenac,Male,4.164271047227926,240.138067061144
1,Eunomia GiBleed,2,1,0,1,NA,8507,MALE,1993,8,8,2928,2928,0,0,0,0,0,0,NA,Diclofenac,Male,8.016427104722792,0
1,Eunomia GiBleed,2,1,0,1,NA,8507,MALE,1994,6,6,2196,1847,1,1,1,1,16.666666666666668,19.775311315646995,NA,Diclofenac,Male,5.0568104038329915,197.75311315646994
1,Eunomia GiBleed,2,1,0,1,NA,8507,MALE,1995,15,15,5490,4836,2,2,2,2,13.333333333333334,15.105459057071961,NA,Diclofenac,Male,13.240246406570842,151.0545905707196
1,Eunomia GiBleed,2,1,0,1,NA,8507,MALE,1996,10,10,3660,3660,0,0,0,0,0,0,NA,Diclofenac,Male,10.020533880903491,0
1,Eunomia GiBleed,2,1,0,1,NA,8507,MALE,1997,15,15,5490,5191,1,1,1,1,6.666666666666667,7.036216528607205,NA,Diclofenac,Male,14.212183436002737,70.36216528607206
1,Eunomia GiBleed,2,1,0,1,NA,8507,MALE,1998,10,10,3660,3660,0,0,0,0,0,0,NA,Diclofenac,Male,10.020533880903491,0
1,Eunomia GiBleed,2,1,0,1,NA,8507,MALE,1999,13,13,4758,4149,2,2,2,2,15.384615384615385,17.606652205350684,NA,Diclofenac,Male,11.359342915811089,176.06652205350684
1,Eunomia GiBleed,2,1,0,1,NA,8507,MALE,2000,12,12,4392,4054,1,1,1,1,8.333333333333334,9.009620128268377,NA,Diclofenac,Male,11.099247091033538,90.09620128268378
1,Eunomia GiBleed,2,1,0,1,NA,8507,MALE,2001,13,13,4758,4061,2,2,2,2,15.384615384615385,17.988180251169663,NA,Diclofenac,Male,11.118412046543463,179.88180251169663
1,Eunomia GiBleed,2,1,0,1,NA,8507,MALE,2002,12,12,4392,3808,2,2,2,2,16.666666666666668,19.18329831932773,NA,Diclofenac,Male,10.425735797399042,191.8329831932773
1,Eunomia GiBleed,2,1,0,1,NA,8507,MALE,2003,12,12,4392,3784,2,2,2,2,16.666666666666668,19.304968287526428,NA,Diclofenac,Male,10.360027378507871,193.04968287526427
1,Eunomia GiBleed,2,1,0,1,NA,8507,MALE,2004,11,11,4026,4026,0,0,0,0,0,0,NA,Diclofenac,Male,11.02258726899384,0
1,Eunomia GiBleed,2,1,0,1,NA,8507,MALE,2005,11,11,4026,3335,2,2,2,2,18.181818181818183,21.904047976011995,NA,Diclofenac,Male,9.130732375085557,219.04047976011995
1,Eunomia GiBleed,2,1,0,1,NA,8507,MALE,2006,12,12,4392,3734,2,2,2,2,16.666666666666668,19.563470808784146,NA,Diclofenac,Male,10.223134839151266,195.63470808784146
1,Eunomia GiBleed,2,1,0,1,NA,8507,MALE,2007,9,9,3294,2650,2,2,2,2,22.22222222222222,27.566037735849054,NA,Diclofenac,Male,7.255304585900069,275.66037735849056
1,Eunomia GiBleed,2,1,0,1,NA,8507,MALE,2008,6,6,2196,1616,2,2,2,2,33.333333333333336,45.20420792079208,NA,Diclofenac,Male,4.424366872005476,452.0420792079208
1,Eunomia GiBleed,2,1,0,1,NA,8507,MALE,2009,10,10,3660,3044,2,2,2,2,20,23.998028909329832,NA,Diclofenac,Male,8.334017796030116,239.9802890932983
1,Eunomia GiBleed,2,1,0,1,NA,8507,MALE,2010,13,13,4758,3559,4,4,4,4,30.76923076923077,41.0508569822984,NA,Diclofenac,Male,9.744010951403148,410.50856982298404
1,Eunomia GiBleed,2,1,0,1,NA,8507,MALE,2011,9,9,3294,2350,3,3,3,3,33.333333333333336,46.62765957446809,NA,Diclofenac,Male,6.433949349760438,466.2765957446809
1,Eunomia GiBleed,2,1,0,1,NA,8507,MALE,2012,7,7,2562,2254,1,1,1,1,14.285714285714286,16.20452528837622,NA,Diclofenac,Male,6.1711156741957565,162.0452528837622
1,Eunomia GiBleed,2,1,0,1,NA,8507,MALE,2013,9,9,3294,2937,1,1,1,1,11.11111111111111,12.436159346271705,NA,Diclofenac,Male,8.041067761806982,124.36159346271705
1,Eunomia GiBleed,2,1,0,1,NA,8507,MALE,2014,10,10,3660,3023,2,2,2,2,20,24.164737016209067,NA,Diclofenac,Male,8.276522929500342,241.64737016209065
1,Eunomia GiBleed,2,1,0,1,NA,8507,MALE,2015,4,4,1464,1464,0,0,0,0,0,0,NA,Diclofenac,Male,4.008213552361396,0
1,Eunomia GiBleed,2,1,0,1,NA,8507,MALE,2016,6,6,2054,2054,0,0,0,0,0,0,NA,Diclofenac,Male,5.623545516769336,0
1,Eunomia GiBleed,2,1,0,1,NA,8507,MALE,2017,7,7,2081,1760,2,2,2,2,28.571428571428573,41.50568181818182,NA,Diclofenac,Male,4.818617385352498,415.0568181818182
1,Eunomia GiBleed,2,1,0,1,NA,8507,MALE,2018,6,6,1453,1453,0,0,0,0,0,0,NA,Diclofenac,Male,3.978097193702943,0
1,Eunomia GiBleed,2,1,0,1,NA,8507,MALE,2019,2,2,144,143,1,1,1,1,50,255.41958041958043,NA,Diclofenac,Male,0.3915126625598905,2554.195804195804
1,Eunomia GiBleed,2,1,0,1,NA,8532,FEMALE,1943,1,1,366,366,0,0,0,0,0,0,NA,Diclofenac,Female,1.002053388090349,0
1,Eunomia GiBleed,2,1,0,1,NA,8532,FEMALE,1944,2,2,572,572,0,0,0,0,0,0,NA,Diclofenac,Female,1.566050650239562,0
1,Eunomia GiBleed,2,1,0,1,NA,8532,FEMALE,1945,2,2,732,732,0,0,0,0,0,0,NA,Diclofenac,Female,2.004106776180698,0
1,Eunomia GiBleed,2,1,0,1,NA,8532,FEMALE,1946,1,1,366,366,0,0,0,0,0,0,NA,Diclofenac,Female,1.002053388090349,0
1,Eunomia GiBleed,2,1,0,1,NA,8532,FEMALE,1948,2,2,732,732,0,0,0,0,0,0,NA,Diclofenac,Female,2.004106776180698,0
1,Eunomia GiBleed,2,1,0,1,NA,8532,FEMALE,1949,1,1,366,366,0,0,0,0,0,0,NA,Diclofenac,Female,1.002053388090349,0
1,Eunomia GiBleed,2,1,0,1,NA,8532,FEMALE,1950,2,2,732,436,1,1,1,1,50,83.7729357798165,NA,Diclofenac,Female,1.1937029431895962,837.7293577981651
1,Eunomia GiBleed,2,1,0,1,NA,8532,FEMALE,1952,2,2,732,732,0,0,0,0,0,0,NA,Diclofenac,Female,2.004106776180698,0
1,Eunomia GiBleed,2,1,0,1,NA,8532,FEMALE,1953,4,4,1464,1147,1,1,1,1,25,31.84394071490846,NA,Diclofenac,Female,3.14031485284052,318.43940714908456
1,Eunomia GiBleed,2,1,0,1,NA,8532,FEMALE,1954,2,2,732,732,0,0,0,0,0,0,NA,Diclofenac,Female,2.004106776180698,0
1,Eunomia GiBleed,2,1,0,1,NA,8532,FEMALE,1955,1,1,366,366,0,0,0,0,0,0,NA,Diclofenac,Female,1.002053388090349,0
1,Eunomia GiBleed,2,1,0,1,NA,8532,FEMALE,1957,2,2,732,732,0,0,0,0,0,0,NA,Diclofenac,Female,2.004106776180698,0
1,Eunomia GiBleed,2,1,0,1,NA,8532,FEMALE,1958,2,2,732,732,0,0,0,0,0,0,NA,Diclofenac,Female,2.004106776180698,0
1,Eunomia GiBleed,2,1,0,1,NA,8532,FEMALE,1960,2,2,732,423,1,1,1,1,50,86.34751773049645,NA,Diclofenac,Female,1.158110882956879,863.4751773049645
1,Eunomia GiBleed,2,1,0,1,NA,8532,FEMALE,1961,2,2,732,414,1,1,1,1,50,88.22463768115942,NA,Diclofenac,Female,1.1334702258726899,882.2463768115942
1,Eunomia GiBleed,2,1,0,1,NA,8532,FEMALE,1962,2,2,732,732,0,0,0,0,0,0,NA,Diclofenac,Female,2.004106776180698,0
1,Eunomia GiBleed,2,1,0,1,NA,8532,FEMALE,1963,1,1,366,366,0,0,0,0,0,0,NA,Diclofenac,Female,1.002053388090349,0
1,Eunomia GiBleed,2,1,0,1,NA,8532,FEMALE,1964,5,5,1830,1508,1,1,1,1,20,24.22082228116711,NA,Diclofenac,Female,4.128678986995209,242.20822281167108
1,Eunomia GiBleed,2,1,0,1,NA,8532,FEMALE,1965,3,3,1098,758,1,1,1,1,33.333333333333336,48.18601583113457,NA,Diclofenac,Female,2.0752908966461328,481.86015831134563
1,Eunomia GiBleed,2,1,0,1,NA,8532,FEMALE,1966,1,1,366,366,0,0,0,0,0,0,NA,Diclofenac,Female,1.002053388090349,0
1,Eunomia GiBleed,2,1,0,1,NA,8532,FEMALE,1967,1,1,366,366,0,0,0,0,0,0,NA,Diclofenac,Female,1.002053388090349,0
1,Eunomia GiBleed,2,1,0,1,NA,8532,FEMALE,1968,1,1,366,366,0,0,0,0,0,0,NA,Diclofenac,Female,1.002053388090349,0
1,Eunomia GiBleed,2,1,0,1,NA,8532,FEMALE,1969,1,1,366,366,0,0,0,0,0,0,NA,Diclofenac,Female,1.002053388090349,0
1,Eunomia GiBleed,2,1,0,1,NA,8532,FEMALE,1970,3,3,1098,759,1,1,1,1,33.333333333333336,48.122529644268774,NA,Diclofenac,Female,2.078028747433265,481.22529644268775
1,Eunomia GiBleed,2,1,0,1,NA,8532,FEMALE,1971,2,2,732,732,0,0,0,0,0,0,NA,Diclofenac,Female,2.004106776180698,0
1,Eunomia GiBleed,2,1,0,1,NA,8532,FEMALE,1972,3,3,1098,1098,0,0,0,0,0,0,NA,Diclofenac,Female,3.0061601642710474,0
1,Eunomia GiBleed,2,1,0,1,NA,8532,FEMALE,1974,3,3,1098,1098,0,0,0,0,0,0,NA,Diclofenac,Female,3.0061601642710474,0
1,Eunomia GiBleed,2,1,0,1,NA,8532,FEMALE,1975,2,2,732,393,1,1,1,1,50,92.93893129770993,NA,Diclofenac,Female,1.0759753593429158,929.3893129770993
1,Eunomia GiBleed,2,1,0,1,NA,8532,FEMALE,1976,4,4,1464,1464,0,0,0,0,0,0,NA,Diclofenac,Female,4.008213552361396,0
1,Eunomia GiBleed,2,1,0,1,NA,8532,FEMALE,1977,4,4,1464,761,2,2,2,2,50,95.99211563731933,NA,Diclofenac,Female,2.083504449007529,959.9211563731932
1,Eunomia GiBleed,2,1,0,1,NA,8532,FEMALE,1978,3,3,1098,1098,0,0,0,0,0,0,NA,Diclofenac,Female,3.0061601642710474,0
1,Eunomia GiBleed,2,1,0,1,NA,8532,FEMALE,1979,1,1,366,366,0,0,0,0,0,0,NA,Diclofenac,Female,1.002053388090349,0
1,Eunomia GiBleed,2,1,0,1,NA,8532,FEMALE,1980,5,5,1830,1541,1,1,1,1,20,23.702141466580144,NA,Diclofenac,Female,4.219028062970568,237.02141466580142
1,Eunomia GiBleed,2,1,0,1,NA,8532,FEMALE,1981,3,3,1098,1098,0,0,0,0,0,0,NA,Diclofenac,Female,3.0061601642710474,0
1,Eunomia GiBleed,2,1,0,1,NA,8532,FEMALE,1982,3,3,1098,764,1,1,1,1,33.333333333333336,47.80759162303664,NA,Diclofenac,Female,2.0917180013689256,478.07591623036643
1,Eunomia GiBleed,2,1,0,1,NA,8532,FEMALE,1983,4,4,1464,1464,0,0,0,0,0,0,NA,Diclofenac,Female,4.008213552361396,0
1,Eunomia GiBleed,2,1,0,1,NA,8532,FEMALE,1984,3,3,1098,1098,0,0,0,0,0,0,NA,Diclofenac,Female,3.0061601642710474,0
1,Eunomia GiBleed,2,1,0,1,NA,8532,FEMALE,1985,5,5,1830,1473,1,1,1,1,20,24.796334012219962,NA,Diclofenac,Female,4.032854209445585,247.9633401221996
1,Eunomia GiBleed,2,1,0,1,NA,8532,FEMALE,1986,14,14,5124,4431,2,2,2,2,14.285714285714286,16.486120514556532,NA,Diclofenac,Female,12.131416837782341,164.86120514556532
1,Eunomia GiBleed,2,1,0,1,NA,8532,FEMALE,1987,8,8,2928,2928,0,0,0,0,0,0,NA,Diclofenac,Female,8.016427104722792,0
1,Eunomia GiBleed,2,1,0,1,NA,8532,FEMALE,1988,3,3,1098,771,1,1,1,1,33.333333333333336,47.37354085603113,NA,Diclofenac,Female,2.11088295687885,473.73540856031127
1,Eunomia GiBleed,2,1,0,1,NA,8532,FEMALE,1989,3,3,1098,758,1,1,1,1,33.333333333333336,48.18601583113457,NA,Diclofenac,Female,2.0752908966461328,481.86015831134563
1,Eunomia GiBleed,2,1,0,1,NA,8532,FEMALE,1990,7,7,2562,2562,0,0,0,0,0,0,NA,Diclofenac,Female,7.014373716632443,0
1,Eunomia GiBleed,2,1,0,1,NA,8532,FEMALE,1991,10,10,3660,3660,0,0,0,0,0,0,NA,Diclofenac,Female,10.020533880903491,0
1,Eunomia GiBleed,2,1,0,1,NA,8532,FEMALE,1992,8,8,2928,2571,1,1,1,1,12.5,14.206534422403733,NA,Diclofenac,Female,7.039014373716633,142.06534422403735
1,Eunomia GiBleed,2,1,0,1,NA,8532,FEMALE,1993,7,7,2562,2241,1,1,1,1,14.285714285714286,16.29852744310576,NA,Diclofenac,Female,6.135523613963039,162.98527443105758
1,Eunomia GiBleed,2,1,0,1,NA,8532,FEMALE,1994,13,13,4758,3828,3,3,3,3,23.076923076923077,28.62460815047022,NA,Diclofenac,Female,10.480492813141684,286.2460815047022
1,Eunomia GiBleed,2,1,0,1,NA,8532,FEMALE,1995,9,9,3294,2626,2,2,2,2,22.22222222222222,27.817974105102817,NA,Diclofenac,Female,7.189596167008898,278.1797410510282
1,Eunomia GiBleed,2,1,0,1,NA,8532,FEMALE,1996,7,7,2562,2217,1,1,1,1,14.285714285714286,16.47496617050068,NA,Diclofenac,Female,6.069815195071868,164.7496617050068
1,Eunomia GiBleed,2,1,0,1,NA,8532,FEMALE,1997,12,12,4392,4392,0,0,0,0,0,0,NA,Diclofenac,Female,12.02464065708419,0
1,Eunomia GiBleed,2,1,0,1,NA,8532,FEMALE,1998,12,12,4392,4105,1,1,1,1,8.333333333333334,8.89768574908648,NA,Diclofenac,Female,11.238877481177276,88.9768574908648
1,Eunomia GiBleed,2,1,0,1,NA,8532,FEMALE,1999,15,15,5490,4489,3,3,3,3,20,24.409668077522834,NA,Diclofenac,Female,12.290212183436003,244.09668077522832
1,Eunomia GiBleed,2,1,0,1,NA,8532,FEMALE,2000,11,11,4026,3103,3,3,3,3,27.272727272727273,35.3126007089913,NA,Diclofenac,Female,8.49555099247091,353.126007089913
1,Eunomia GiBleed,2,1,0,1,NA,8532,FEMALE,2001,10,10,3660,2400,4,4,4,4,40,60.875,NA,Diclofenac,Female,6.570841889117043,608.75
1,Eunomia GiBleed,2,1,0,1,NA,8532,FEMALE,2002,16,16,5856,5856,0,0,0,0,0,0,NA,Diclofenac,Female,16.032854209445585,0
1,Eunomia GiBleed,2,1,0,1,NA,8532,FEMALE,2003,19,19,6954,5340,5,5,5,5,26.31578947368421,34.19943820224719,NA,Diclofenac,Female,14.620123203285422,341.9943820224719
1,Eunomia GiBleed,2,1,0,1,NA,8532,FEMALE,2004,11,11,4026,3730,1,1,1,1,9.090909090909092,9.792225201072386,NA,Diclofenac,Female,10.212183436002737,97.92225201072387
1,Eunomia GiBleed,2,1,0,1,NA,8532,FEMALE,2005,10,10,3660,3313,1,1,1,1,10,11.024750980984003,NA,Diclofenac,Female,9.070499657768652,110.24750980984003
1,Eunomia GiBleed,2,1,0,1,NA,8532,FEMALE,2006,7,7,2562,2243,1,1,1,1,14.285714285714286,16.283994650022294,NA,Diclofenac,Female,6.140999315537303,162.83994650022294
1,Eunomia GiBleed,2,1,0,1,NA,8532,FEMALE,2007,14,14,5124,4528,2,2,2,2,14.285714285714286,16.132950530035338,NA,Diclofenac,Female,12.396988364134154,161.32950530035336
1,Eunomia GiBleed,2,1,0,1,NA,8532,FEMALE,2008,12,12,4392,3372,3,3,3,3,25,32.49555160142349,NA,Diclofenac,Female,9.232032854209445,324.9555160142349
1,Eunomia GiBleed,2,1,0,1,NA,8532,FEMALE,2009,16,16,5856,4577,4,4,4,4,25,31.920471924841596,NA,Diclofenac,Female,12.531143052703628,319.204719248416
1,Eunomia GiBleed,2,1,0,1,NA,8532,FEMALE,2010,8,8,2928,1988,3,3,3,3,37.5,55.118209255533195,NA,Diclofenac,Female,5.4428473648186175,551.182092555332
1,Eunomia GiBleed,2,1,0,1,NA,8532,FEMALE,2011,10,10,3660,3024,2,2,2,2,20,24.15674603174603,NA,Diclofenac,Female,8.279260780287474,241.5674603174603
1,Eunomia GiBleed,2,1,0,1,NA,8532,FEMALE,2012,9,9,3294,2998,1,1,1,1,11.11111111111111,12.183122081387593,NA,Diclofenac,Female,8.208076659822039,121.83122081387593
1,Eunomia GiBleed,2,1,0,1,NA,8532,FEMALE,2013,13,13,4758,4110,2,2,2,2,15.384615384615385,17.77372262773723,NA,Diclofenac,Female,11.252566735112936,177.7372262773723
1,Eunomia GiBleed,2,1,0,1,NA,8532,FEMALE,2014,13,13,4758,4448,1,1,1,1,7.6923076923076925,8.211555755395683,NA,Diclofenac,Female,12.177960301163587,82.11555755395683
1,Eunomia GiBleed,2,1,0,1,NA,8532,FEMALE,2015,10,10,3660,3031,2,2,2,2,20,24.10095677994061,NA,Diclofenac,Female,8.2984257357974,241.0095677994061
1,Eunomia GiBleed,2,1,0,1,NA,8532,FEMALE,2016,12,12,3875,3515,1,1,1,1,8.333333333333334,10.391180654338548,NA,Diclofenac,Female,9.623545516769337,103.91180654338548
1,Eunomia GiBleed,2,1,0,1,NA,8532,FEMALE,2017,8,8,2643,2485,1,1,1,1,12.5,14.698189134808853,NA,Diclofenac,Female,6.803559206023272,146.9818913480885
1,Eunomia GiBleed,2,1,0,1,NA,8532,FEMALE,2018,7,7,1496,1495,1,1,1,1,14.285714285714286,24.431438127090303,NA,Diclofenac,Female,4.093086926762491,244.31438127090303
1,Eunomia GiBleed,2,1,0,1,NA,NA,NA,1943,1,1,366,366,0,0,0,0,0,0,NA,Diclofenac,NA,1.002053388090349,0
1,Eunomia GiBleed,2,1,0,1,NA,NA,NA,1944,2,2,572,572,0,0,0,0,0,0,NA,Diclofenac,NA,1.566050650239562,0
1,Eunomia GiBleed,2,1,0,1,NA,NA,NA,1945,2,2,732,732,0,0,0,0,0,0,NA,Diclofenac,NA,2.004106776180698,0
1,Eunomia GiBleed,2,1,0,1,NA,NA,NA,1946,1,1,366,366,0,0,0,0,0,0,NA,Diclofenac,NA,1.002053388090349,0
1,Eunomia GiBleed,2,1,0,1,NA,NA,NA,1948,4,4,1464,1464,0,0,0,0,0,0,NA,Diclofenac,NA,4.008213552361396,0
1,Eunomia GiBleed,2,1,0,1,NA,NA,NA,1949,1,1,366,366,0,0,0,0,0,0,NA,Diclofenac,NA,1.002053388090349,0
1,Eunomia GiBleed,2,1,0,1,NA,NA,NA,1950,3,3,1098,802,1,1,1,1,33.333333333333336,45.542394014962596,NA,Diclofenac,NA,2.195756331279945,455.423940149626
1,Eunomia GiBleed,2,1,0,1,NA,NA,NA,1952,3,3,1098,1098,0,0,0,0,0,0,NA,Diclofenac,NA,3.0061601642710474,0
1,Eunomia GiBleed,2,1,0,1,NA,NA,NA,1953,4,4,1464,1147,1,1,1,1,25,31.84394071490846,NA,Diclofenac,NA,3.14031485284052,318.43940714908456
1,Eunomia GiBleed,2,1,0,1,NA,NA,NA,1954,3,3,1098,1098,0,0,0,0,0,0,NA,Diclofenac,NA,3.0061601642710474,0
1,Eunomia GiBleed,2,1,0,1,NA,NA,NA,1955,3,3,1098,817,1,1,1,1,33.333333333333336,44.706242350061196,NA,Diclofenac,NA,2.236824093086927,447.06242350061194
1,Eunomia GiBleed,2,1,0,1,NA,NA,NA,1957,4,4,1464,1157,1,1,1,1,25,31.568712186689716,NA,Diclofenac,NA,3.167693360711841,315.68712186689714
1,Eunomia GiBleed,2,1,0,1,NA,NA,NA,1958,6,6,2196,1869,1,1,1,1,16.666666666666668,19.542536115569824,NA,Diclofenac,NA,5.117043121149897,195.42536115569825
1,Eunomia GiBleed,2,1,0,1,NA,NA,NA,1959,1,1,366,366,0,0,0,0,0,0,NA,Diclofenac,NA,1.002053388090349,0
1,Eunomia GiBleed,2,1,0,1,NA,NA,NA,1960,2,2,732,423,1,1,1,1,50,86.34751773049645,NA,Diclofenac,NA,1.158110882956879,863.4751773049645
1,Eunomia GiBleed,2,1,0,1,NA,NA,NA,1961,3,3,1098,780,1,1,1,1,33.333333333333336,46.82692307692307,NA,Diclofenac,NA,2.135523613963039,468.2692307692307
1,Eunomia GiBleed,2,1,0,1,NA,NA,NA,1962,2,2,732,732,0,0,0,0,0,0,NA,Diclofenac,NA,2.004106776180698,0
1,Eunomia GiBleed,2,1,0,1,NA,NA,NA,1963,6,6,2196,2196,0,0,0,0,0,0,NA,Diclofenac,NA,6.012320328542095,0
1,Eunomia GiBleed,2,1,0,1,NA,NA,NA,1964,6,6,2196,1874,1,1,1,1,16.666666666666668,19.490394877267875,NA,Diclofenac,NA,5.130732375085558,194.90394877267875
1,Eunomia GiBleed,2,1,0,1,NA,NA,NA,1965,5,5,1830,1490,1,1,1,1,20,24.51342281879195,NA,Diclofenac,NA,4.079397672826831,245.13422818791946
1,Eunomia GiBleed,2,1,0,1,NA,NA,NA,1966,2,2,732,732,0,0,0,0,0,0,NA,Diclofenac,NA,2.004106776180698,0
1,Eunomia GiBleed,2,1,0,1,NA,NA,NA,1967,1,1,366,366,0,0,0,0,0,0,NA,Diclofenac,NA,1.002053388090349,0
1,Eunomia GiBleed,2,1,0,1,NA,NA,NA,1968,2,2,732,732,0,0,0,0,0,0,NA,Diclofenac,NA,2.004106776180698,0
1,Eunomia GiBleed,2,1,0,1,NA,NA,NA,1969,1,1,366,366,0,0,0,0,0,0,NA,Diclofenac,NA,1.002053388090349,0
1,Eunomia GiBleed,2,1,0,1,NA,NA,NA,1970,3,3,1098,759,1,1,1,1,33.333333333333336,48.122529644268774,NA,Diclofenac,NA,2.078028747433265,481.22529644268775
1,Eunomia GiBleed,2,1,0,1,NA,NA,NA,1971,3,3,1098,1098,0,0,0,0,0,0,NA,Diclofenac,NA,3.0061601642710474,0
1,Eunomia GiBleed,2,1,0,1,NA,NA,NA,1972,5,5,1830,1830,0,0,0,0,0,0,NA,Diclofenac,NA,5.0102669404517455,0
1,Eunomia GiBleed,2,1,0,1,NA,NA,NA,1973,2,2,732,384,1,1,1,1,50,95.1171875,NA,Diclofenac,NA,1.051334702258727,951.171875
1,Eunomia GiBleed,2,1,0,1,NA,NA,NA,1974,4,4,1464,1464,0,0,0,0,0,0,NA,Diclofenac,NA,4.008213552361396,0
1,Eunomia GiBleed,2,1,0,1,NA,NA,NA,1975,8,8,2928,1897,3,3,3,3,37.5,57.76225619399052,NA,Diclofenac,NA,5.193702943189596,577.6225619399052
1,Eunomia GiBleed,2,1,0,1,NA,NA,NA,1976,9,9,3294,3294,0,0,0,0,0,0,NA,Diclofenac,NA,9.018480492813142,0
1,Eunomia GiBleed,2,1,0,1,NA,NA,NA,1977,8,8,2928,2225,2,2,2,2,25,32.8314606741573,NA,Diclofenac,NA,6.091718001368926,328.314606741573
1,Eunomia GiBleed,2,1,0,1,NA,NA,NA,1978,7,7,2562,2562,0,0,0,0,0,0,NA,Diclofenac,NA,7.014373716632443,0
1,Eunomia GiBleed,2,1,0,1,NA,NA,NA,1979,4,4,1464,1464,0,0,0,0,0,0,NA,Diclofenac,NA,4.008213552361396,0
1,Eunomia GiBleed,2,1,0,1,NA,NA,NA,1980,10,10,3660,3025,2,2,2,2,20,24.148760330578515,NA,Diclofenac,NA,8.281998631074606,241.48760330578514
1,Eunomia GiBleed,2,1,0,1,NA,NA,NA,1981,14,14,4888,4463,2,2,2,2,14.285714285714286,16.367913959220253,NA,Diclofenac,NA,12.219028062970569,163.67913959220255
1,Eunomia GiBleed,2,1,0,1,NA,NA,NA,1982,8,8,2928,2312,2,2,2,2,25,31.596020761245676,NA,Diclofenac,NA,6.329911019849418,315.96020761245677
1,Eunomia GiBleed,2,1,0,1,NA,NA,NA,1983,8,8,2928,2587,1,1,1,1,12.5,14.118670274449169,NA,Diclofenac,NA,7.082819986310746,141.1867027444917
1,Eunomia GiBleed,2,1,0,1,NA,NA,NA,1984,7,7,2562,2276,1,1,1,1,14.285714285714286,16.047891036906854,NA,Diclofenac,NA,6.231348391512663,160.47891036906853
1,Eunomia GiBleed,2,1,0,1,NA,NA,NA,1985,10,10,3660,2943,2,2,2,2,20,24.821610601427114,NA,Diclofenac,NA,8.057494866529774,248.21610601427113
1,Eunomia GiBleed,2,1,0,1,NA,NA,NA,1986,19,19,6954,5920,3,3,3,3,15.789473684210526,18.50929054054054,NA,Diclofenac,NA,16.20807665982204,185.0929054054054
1,Eunomia GiBleed,2,1,0,1,NA,NA,NA,1987,14,14,5124,5124,0,0,0,0,0,0,NA,Diclofenac,NA,14.028747433264886,0
1,Eunomia GiBleed,2,1,0,1,NA,NA,NA,1988,14,14,5124,4439,2,2,2,2,14.285714285714286,16.456409101148907,NA,Diclofenac,NA,12.153319644079398,164.56409101148907
1,Eunomia GiBleed,2,1,0,1,NA,NA,NA,1989,15,15,5490,4515,3,3,3,3,20,24.269102990033225,NA,Diclofenac,NA,12.361396303901437,242.69102990033224
1,Eunomia GiBleed,2,1,0,1,NA,NA,NA,1990,16,16,5856,5195,2,2,2,2,12.5,14.061597690086622,NA,Diclofenac,NA,14.223134839151266,140.61597690086623
1,Eunomia GiBleed,2,1,0,1,NA,NA,NA,1991,12,12,4392,4392,0,0,0,0,0,0,NA,Diclofenac,NA,12.02464065708419,0
1,Eunomia GiBleed,2,1,0,1,NA,NA,NA,1992,13,13,4758,4092,2,2,2,2,15.384615384615385,17.85190615835777,NA,Diclofenac,NA,11.203285420944558,178.51906158357772
1,Eunomia GiBleed,2,1,0,1,NA,NA,NA,1993,15,15,5490,5169,1,1,1,1,6.666666666666667,7.066163668020893,NA,Diclofenac,NA,14.151950718685832,70.66163668020894
1,Eunomia GiBleed,2,1,0,1,NA,NA,NA,1994,19,19,6954,5675,4,4,4,4,21.05263157894737,25.744493392070485,NA,Diclofenac,NA,15.537303216974674,257.44493392070484
1,Eunomia GiBleed,2,1,0,1,NA,NA,NA,1995,24,24,8784,7462,4,4,4,4,16.666666666666668,19.57920128651836,NA,Diclofenac,NA,20.42984257357974,195.79201286518358
1,Eunomia GiBleed,2,1,0,1,NA,NA,NA,1996,17,17,6222,5877,1,1,1,1,5.882352941176471,6.214905564063297,NA,Diclofenac,NA,16.09034907597536,62.14905564063297
1,Eunomia GiBleed,2,1,0,1,NA,NA,NA,1997,27,27,9882,9583,1,1,1,1,3.7037037037037037,3.8114369195450277,NA,Diclofenac,NA,26.236824093086927,38.11436919545027
1,Eunomia GiBleed,2,1,0,1,NA,NA,NA,1998,22,22,8052,7765,1,1,1,1,4.545454545454546,4.703799098518996,NA,Diclofenac,NA,21.259411362080765,47.03799098518996
1,Eunomia GiBleed,2,1,0,1,NA,NA,NA,1999,28,28,10248,8638,5,5,5,5,17.857142857142858,21.142046770085667,NA,Diclofenac,NA,23.64955509924709,211.42046770085668
1,Eunomia GiBleed,2,1,0,1,NA,NA,NA,2000,23,23,8418,7157,4,4,4,4,17.391304347826086,20.41358110940338,NA,Diclofenac,NA,19.59479808350445,204.1358110940338
1,Eunomia GiBleed,2,1,0,1,NA,NA,NA,2001,23,23,8418,6461,6,6,6,6,26.08695652173913,33.91889800340505,NA,Diclofenac,NA,17.689253935660506,339.1889800340505
1,Eunomia GiBleed,2,1,0,1,NA,NA,NA,2002,28,28,10248,9664,2,2,2,2,7.142857142857143,7.55898178807947,NA,Diclofenac,NA,26.458590006844627,75.5898178807947
1,Eunomia GiBleed,2,1,0,1,NA,NA,NA,2003,31,31,11346,9124,7,7,7,7,22.580645161290324,28.022249013590528,NA,Diclofenac,NA,24.980150581793293,280.2224901359053
1,Eunomia GiBleed,2,1,0,1,NA,NA,NA,2004,22,22,8052,7756,1,1,1,1,4.545454545454546,4.709257349149046,NA,Diclofenac,NA,21.234770704996578,47.09257349149046
1,Eunomia GiBleed,2,1,0,1,NA,NA,NA,2005,21,21,7686,6648,3,3,3,3,14.285714285714286,16.48240072202166,NA,Diclofenac,NA,18.20123203285421,164.8240072202166
1,Eunomia GiBleed,2,1,0,1,NA,NA,NA,2006,19,19,6954,5977,3,3,3,3,15.789473684210526,18.33277563995315,NA,Diclofenac,NA,16.36413415468857,183.32775639953152
1,Eunomia GiBleed,2,1,0,1,NA,NA,NA,2007,23,23,8418,7178,4,4,4,4,17.391304347826086,20.35385901365283,NA,Diclofenac,NA,19.652292950034223,203.53859013652828
1,Eunomia GiBleed,2,1,0,1,NA,NA,NA,2008,18,18,6588,4988,5,5,5,5,27.77777777777778,36.61287089013633,NA,Diclofenac,NA,13.656399726214921,366.12870890136327
1,Eunomia GiBleed,2,1,0,1,NA,NA,NA,2009,26,26,9516,7621,6,6,6,6,23.076923076923077,28.75606875738092,NA,Diclofenac,NA,20.865160848733744,287.5606875738092
1,Eunomia GiBleed,2,1,0,1,NA,NA,NA,2010,21,21,7686,5547,7,7,7,7,33.333333333333336,46.09248242293131,NA,Diclofenac,NA,15.186858316221766,460.9248242293131
1,Eunomia GiBleed,2,1,0,1,NA,NA,NA,2011,19,19,6954,5374,5,5,5,5,26.31578947368421,33.98306661704503,NA,Diclofenac,NA,14.713210130047912,339.83066617045034
1,Eunomia GiBleed,2,1,0,1,NA,NA,NA,2012,16,16,5856,5252,2,2,2,2,12.5,13.908987052551408,NA,Diclofenac,NA,14.379192334017796,139.0898705255141
1,Eunomia GiBleed,2,1,0,1,NA,NA,NA,2013,22,22,8052,7047,3,3,3,3,13.636363636363637,15.549169859514688,NA,Diclofenac,NA,19.293634496919918,155.4916985951469
1,Eunomia GiBleed,2,1,0,1,NA,NA,NA,2014,23,23,8418,7471,3,3,3,3,13.043478260869565,14.666711283630036,NA,Diclofenac,NA,20.45448323066393,146.66711283630036
1,Eunomia GiBleed,2,1,0,1,NA,NA,NA,2015,14,14,5124,4495,2,2,2,2,14.285714285714286,16.251390433815352,NA,Diclofenac,NA,12.306639288158795,162.5139043381535
1,Eunomia GiBleed,2,1,0,1,NA,NA,NA,2016,18,18,5929,5569,1,1,1,1,5.555555555555555,6.558628119949722,NA,Diclofenac,NA,15.247091033538672,65.58628119949722
1,Eunomia GiBleed,2,1,0,1,NA,NA,NA,2017,15,15,4724,4245,3,3,3,3,20,25.81272084805654,NA,Diclofenac,NA,11.62217659137577,258.1272084805654
1,Eunomia GiBleed,2,1,0,1,NA,NA,NA,2018,13,13,2949,2948,1,1,1,1,7.6923076923076925,12.38975576662144,NA,Diclofenac,NA,8.071184120465434,123.8975576662144
1,Eunomia GiBleed,2,1,0,1,NA,NA,NA,2019,2,2,144,143,1,1,1,1,50,255.41958041958043,NA,Diclofenac,NA,0.3915126625598905,2554.195804195804
